Journal name;JCR Abbreviation;ISSN;eISSN;Category;Total Citations;2020 JIF;JIF Quartile;2020 JCI;% of OA Gold
ACADEMIC MEDICINE;ACAD MED;1040-2446;1938-808X;EDUCATION, SCIENTIFIC DISCIPLINES - SCIE;22,828;6.893;Q1;2.14;6.8%
MEDICAL EDUCATION;MED EDUC;0308-0110;1365-2923;EDUCATION, SCIENTIFIC DISCIPLINES - SCIE;14,132;6.251;Q1;2.13;17.73%
Anatomical Sciences Education;ANAT SCI EDUC;1935-9772;1935-9780;EDUCATION, SCIENTIFIC DISCIPLINES - SCIE;3,729;5.958;Q1;2.51;8%
International Journal of STEM Education;INT J STEM EDUC;2196-7822;2196-7822;EDUCATION, SCIENTIFIC DISCIPLINES - SCIE;906;5.012;Q1;2.04;100%
ADVANCES IN HEALTH SCIENCES EDUCATION;ADV HEALTH SCI EDUC;1382-4996;1573-1677;EDUCATION, SCIENTIFIC DISCIPLINES - SCIE;3,798;3.853;Q1;1.53;31.34%
INTERNATIONAL JOURNAL OF ELECTRICAL ENGINEERING EDUCATION;INT J ELEC ENG EDUC;0020-7209;2050-4578;EDUCATION, SCIENTIFIC DISCIPLINES - SCIE;485;3.804;Q1;0.98;0%
MEDICAL TEACHER;MED TEACH;0142-159X;1466-187X;EDUCATION, SCIENTIFIC DISCIPLINES - SCIE;12,121;3.65;Q1;1.46;8.91%
NURSE EDUCATION TODAY;NURS EDUC TODAY;0260-6917;1532-2793;EDUCATION, SCIENTIFIC DISCIPLINES - SCIE;11,452;3.442;Q1;1.66;4.67%
Studies in Science Education;STUD SCI EDUC;0305-7267;1940-8412;EDUCATION, SCIENTIFIC DISCIPLINES - SCIE;930;3.417;Q1;1.8;16.67%
CBE-Life Sciences Education;CBE-LIFE SCI EDUC;1931-7913;1931-7913;EDUCATION, SCIENTIFIC DISCIPLINES - SCIE;3,669;3.325;Q1;1.48;100%
JOURNAL OF ENGINEERING EDUCATION;J ENG EDUC;1069-4730;2168-9830;EDUCATION, SCIENTIFIC DISCIPLINES - SCIE;3,350;3.146;Q1;1.57;27.47%
Hematology-American Society of Hematology Education Program;HEMATOL-AM SOC HEMAT;1520-4391;1520-4383;EDUCATION, SCIENTIFIC DISCIPLINES - SCIE;3,842;3.061;Q2;1.03;0.83%
JOURNAL OF NUTRITION EDUCATION AND BEHAVIOR;J NUTR EDUC BEHAV;1499-4046;1878-2620;EDUCATION, SCIENTIFIC DISCIPLINES - SCIE;5,131;3.045;Q2;1.09;6.49%
JOURNAL OF CHEMICAL EDUCATION;J CHEM EDUC;0021-9584;1938-1328;EDUCATION, SCIENTIFIC DISCIPLINES - SCIE;18,229;2.979;Q2;0.94;4.58%
Chemistry Education Research and Practice;CHEM EDUC RES PRACT;1109-4028;1756-1108;EDUCATION, SCIENTIFIC DISCIPLINES - SCIE;2,519;2.959;Q2;1.85;4.52%
Perspectives on Medical Education;PERSPECT MED EDUC;2212-2761;2212-277X;EDUCATION, SCIENTIFIC DISCIPLINES - SCIE;1,193;2.947;Q2;1.03;100%
Journal of Surgical Education;J SURG EDUC;1931-7204;1878-7452;EDUCATION, SCIENTIFIC DISCIPLINES - SCIE;4,853;2.891;Q2;1.1;1.37%
BMC Medical Education;BMC MED EDUC;N/A;1472-6920;EDUCATION, SCIENTIFIC DISCIPLINES - SCIE;8,400;2.463;Q2;1.28;100%
TEACHING AND LEARNING IN MEDICINE;TEACH LEARN MED;1040-1334;1532-8015;EDUCATION, SCIENTIFIC DISCIPLINES - SCIE;1,914;2.414;Q2;1.12;5.24%
Physical Review Physics Education Research;PHYS REV PHYS EDUC R;2469-9896;2469-9896;EDUCATION, SCIENTIFIC DISCIPLINES - SCIE;1,103;2.412;Q2;1.49;97.66%
European Journal of Dental Education;EUR J DENT EDUC;1396-5883;1600-0579;EDUCATION, SCIENTIFIC DISCIPLINES - SCIE;1,876;2.355;Q2;0.88;7.51%
Education for Chemical Engineers;EDUC CHEM ENG;N/A;1749-7728;EDUCATION, SCIENTIFIC DISCIPLINES - SCIE;431;2.333;Q2;0.77;2.04%
Journal of Science Education and Technology;J SCI EDUC TECHNOL;1059-0145;1573-1839;EDUCATION, SCIENTIFIC DISCIPLINES - SCIE;2,677;2.315;Q3;1.29;10.47%
ADVANCES IN PHYSIOLOGY EDUCATION;ADV PHYSIOL EDUC;1043-4046;1522-1229;EDUCATION, SCIENTIFIC DISCIPLINES - SCIE;2,539;2.288;Q3;0.71;66.82%
INTERNATIONAL JOURNAL OF TECHNOLOGY AND DESIGN EDUCATION;INT J TECHNOL DES ED;0957-7572;1573-1804;EDUCATION, SCIENTIFIC DISCIPLINES - SCIE;1,238;2.177;Q3;1.04;24.37%
JOURNAL OF SCHOOL HEALTH;J SCHOOL HEALTH;0022-4391;1746-1561;EDUCATION, SCIENTIFIC DISCIPLINES - SCIE;5,051;2.118;Q3;0.97;7.46%
IEEE TRANSACTIONS ON EDUCATION;IEEE T EDUC;0018-9359;1557-9638;EDUCATION, SCIENTIFIC DISCIPLINES - SCIE;1,646;2.116;Q3;0.93;12.15%
AMERICAN JOURNAL OF PHARMACEUTICAL EDUCATION;AM J PHARM EDUC;0002-9459;1553-6467;EDUCATION, SCIENTIFIC DISCIPLINES - SCIE;5,698;2.047;Q3;0.62;90.81%
JOURNAL OF CANCER EDUCATION;J CANCER EDUC;0885-8195;1543-0154;EDUCATION, SCIENTIFIC DISCIPLINES - SCIE;3,045;2.037;Q3;0.77;8.5%
COMPUTER APPLICATIONS IN ENGINEERING EDUCATION;COMPUT APPL ENG EDUC;1061-3773;1099-0542;EDUCATION, SCIENTIFIC DISCIPLINES - SCIE;1,358;1.532;Q3;0.6;2.88%
ACM Transactions on Computing Education;ACM T COMPUT EDUC;1946-6226;1946-6226;EDUCATION, SCIENTIFIC DISCIPLINES - SCIE;526;1.526;Q3;1.18;0%
JOURNAL OF CONTINUING EDUCATION IN THE HEALTH PROFESSIONS;J CONTIN EDUC HEALTH;0894-1912;1554-558X;EDUCATION, SCIENTIFIC DISCIPLINES - SCIE;1,661;1.355;Q3;0.64;5.93%
JOURNAL OF BIOLOGICAL EDUCATION;J BIOL EDUC;0021-9266;2157-6009;EDUCATION, SCIENTIFIC DISCIPLINES - SCIE;943;1.262;Q3;0.57;3.35%
JOURNAL OF PROFESSIONAL ISSUES IN ENGINEERING EDUCATION AND PRACTICE;J PROF ISS ENG ED PR;1052-3928;1943-5541;EDUCATION, SCIENTIFIC DISCIPLINES - SCIE;930;1.19;Q4;0.62;1.27%
BIOCHEMISTRY AND MOLECULAR BIOLOGY EDUCATION;BIOCHEM MOL BIOL EDU;1470-8175;1539-3429;EDUCATION, SCIENTIFIC DISCIPLINES - SCIE;1,340;1.16;Q4;0.44;6.31%
JOURNAL OF VETERINARY MEDICAL EDUCATION;J VET MED EDUC;0748-321X;1943-7218;EDUCATION, SCIENTIFIC DISCIPLINES - SCIE;1,326;1.027;Q4;0.66;0%
AMERICAN JOURNAL OF PHYSICS;AM J PHYS;0002-9505;1943-2909;EDUCATION, SCIENTIFIC DISCIPLINES - SCIE;9,227;1.022;Q4;0.41;3.3%
INTERNATIONAL JOURNAL OF ENGINEERING EDUCATION;INT J ENG EDUC;0949-149X;0949-149X;EDUCATION, SCIENTIFIC DISCIPLINES - SCIE;1,858;0.969;Q4;0.38;0%
Engineering Studies;ENG STUD;1937-8629;1940-8374;EDUCATION, SCIENTIFIC DISCIPLINES - SCIE;204;0.944;Q4;0.59;3.57%
EUROPEAN JOURNAL OF PHYSICS;EUR J PHYS;0143-0807;1361-6404;EDUCATION, SCIENTIFIC DISCIPLINES - SCIE;2,498;0.781;Q4;0.36;10.88%
Indian Journal of Pharmaceutical Education and Research;INDIAN J PHARM EDUC;0019-5464;0019-5464;EDUCATION, SCIENTIFIC DISCIPLINES - SCIE;762;0.686;Q4;0.25;74.13%
PHYSICS TEACHER;PHYS TEACH;0031-921X;1943-4928;EDUCATION, SCIENTIFIC DISCIPLINES - SCIE;1,371;0.676;Q4;0.21;0%
AMERICAN BIOLOGY TEACHER;AM BIOL TEACH;0002-7685;1938-4211;EDUCATION, SCIENTIFIC DISCIPLINES - SCIE;834;0.342;Q4;0.14;34.02%
Journal of Materials Education;J MATER EDUC;0738-7989;N/A;EDUCATION, SCIENTIFIC DISCIPLINES - SCIE;150;0.107;Q4;0.18;0%
Luz;LUZ;1814-151X;1814-151X;EDUCATION & EDUCATIONAL RESEARCH - ESCI;46;n/a;n/a;0.02;0%
Atenas;ATENAS;1682-2749;1682-2749;EDUCATION & EDUCATIONAL RESEARCH - ESCI;60;n/a;n/a;0.13;0%
Educar;EDUCAR;0211-819X;2014-8801;EDUCATION & EDUCATIONAL RESEARCH - ESCI;267;n/a;n/a;0.54;92.5%
ChemKon;CHEMKON;0944-5846;1521-3730;EDUCATION, SCIENTIFIC DISCIPLINES - ESCI;128;n/a;n/a;0.18;1.27%
EDMETIC;EDMETIC;2254-0059;2254-0059;EDUCATION & EDUCATIONAL RESEARCH - ESCI;141;n/a;n/a;0.51;83.82%
He Kupu;HE KUPU;1179-6812;1179-6812;EDUCATION & EDUCATIONAL RESEARCH - ESCI;33;n/a;n/a;0.08;0%
Legenda;LEGENDA;1316-0524;1316-0524;EDUCATION & EDUCATIONAL RESEARCH - ESCI;8;n/a;n/a;0.02;0%
Dialogia;DIALOGIA;1677-1303;1983-9294;EDUCATION & EDUCATIONAL RESEARCH - ESCI;51;n/a;n/a;0.07;97.06%
E-Mentor;E-MENTOR;1731-6758;1731-7428;EDUCATION & EDUCATIONAL RESEARCH - ESCI;54;n/a;n/a;0.11;0%
Educacao;EDUCACAO;0101-9031;1984-6444;EDUCATION & EDUCATIONAL RESEARCH - ESCI;180;n/a;n/a;0.03;96.55%
Dialogica;DIALOGICA;1690-8961;1690-8961;EDUCATION & EDUCATIONAL RESEARCH - ESCI;5;n/a;n/a;0;0%
Palaestra;PALAESTRA;8756-5811;2372-1391;EDUCATION & EDUCATIONAL RESEARCH - ESCI;168;n/a;n/a;0.32;0%
Periferia;PERIFERIA-BRAZIL;N/A;1984-9540;EDUCATION & EDUCATIONAL RESEARCH - ESCI;8;n/a;n/a;0.11;53.98%
Geosaberes;GEOSABERES;2178-0463;2178-0463;EDUCATION & EDUCATIONAL RESEARCH - ESCI;35;n/a;n/a;0.04;42.42%
Guiniguada;GUINIGUADA;0213-0610;2386-3374;EDUCATION & EDUCATIONAL RESEARCH - ESCI;16;n/a;n/a;0.09;37.5%
Pedagogies;PEDAGOGIES;1554-480X;1554-4818;EDUCATION & EDUCATIONAL RESEARCH - ESCI;388;n/a;n/a;0.6;1.37%
Pythagoras;PYTHAGORAS;1012-2346;2223-7895;EDUCATION, SCIENTIFIC DISCIPLINES - ESCI;119;n/a;n/a;0.29;93.75%
TechTrends;TECHTRENDS;8756-3894;1559-7075;EDUCATION & EDUCATIONAL RESEARCH - ESCI;1,468;n/a;n/a;1.1;3.63%
Enunciacion;ENUNCIACION;0122-6339;2248-6798;EDUCATION & EDUCATIONAL RESEARCH - ESCI;52;n/a;n/a;0.04;81.25%
Law Teacher;LAW TEACH;0306-9400;1943-0353;EDUCATION & EDUCATIONAL RESEARCH - ESCI;254;n/a;n/a;0.66;3.51%
Open Praxis;OPEN PRAX;2304-070X;2304-070X;EDUCATION & EDUCATIONAL RESEARCH - ESCI;357;n/a;n/a;1.03;100%
Aula Abierta;AULA ABIERTA;0210-2773;2341-2313;EDUCATION & EDUCATIONAL RESEARCH - ESCI;460;n/a;n/a;0.86;19.05%
Comunicacoes;COMUNICACOES;0104-8481;2238-121X;EDUCATION & EDUCATIONAL RESEARCH - ESCI;18;n/a;n/a;0.03;94.29%
In Education;EDUCATION-CANADA;1927-6117;1927-6117;EDUCATION & EDUCATIONAL RESEARCH - ESCI;39;n/a;n/a;0.12;0%
Zona Proxima;ZONA PROX;1657-2416;2145-9444;EDUCATION & EDUCATIONAL RESEARCH - ESCI;18;n/a;n/a;0.05;0%
Fruhe Bildung;FRUHE BILD;2191-9186;2191-9194;EDUCATION & EDUCATIONAL RESEARCH - ESCI;86;n/a;n/a;0.27;0%
Open Learning;OPEN LEARN;0268-0513;1469-9958;EDUCATION & EDUCATIONAL RESEARCH - ESCI;470;n/a;n/a;1.1;8.33%
TESOL Journal;TESOL J;1056-7941;1949-3533;EDUCATION & EDUCATIONAL RESEARCH - ESCI;509;n/a;n/a;0.56;0.55%
Adult Learning;ADULT LEARN;1045-1595;2162-4070;EDUCATION & EDUCATIONAL RESEARCH - ESCI;275;n/a;n/a;0.58;0%
CALICO Journal;CALICO J;2056-9017;2056-9017;EDUCATION & EDUCATIONAL RESEARCH - ESCI;755;n/a;n/a;0.91;0%
Education 3-13;EDUC 3-13;0300-4279;1475-7575;EDUCATION & EDUCATIONAL RESEARCH - ESCI;689;n/a;n/a;0.61;2.26%
On the Horizon;HORIZON;1074-8121;2054-1708;EDUCATION & EDUCATIONAL RESEARCH - ESCI;882;n/a;n/a;0.55;0%
Praxis & Saber;PRAX SABER;2216-0159;2462-8603;EDUCATION & EDUCATIONAL RESEARCH - ESCI;32;n/a;n/a;0.1;88.46%
Revista Olhres;REV OLHARES;2317-7853;2317-7853;EDUCATION & EDUCATIONAL RESEARCH - ESCI;9;n/a;n/a;0.02;63.41%
Action Learning;ACTION LEARN;1476-7333;1476-7341;EDUCATION & EDUCATIONAL RESEARCH - ESCI;248;n/a;n/a;0.51;0%
Beyond Behavior;BEYOND BEHAV;1074-2956;2163-5323;EDUCATION, SPECIAL - ESCI;73;n/a;n/a;0.56;0%
Online Learning;ONLINE LEARN;2472-5749;2472-5730;EDUCATION & EDUCATIONAL RESEARCH - ESCI;747;n/a;n/a;1.32;100%
Praxis-Colombia;PRAX-COLOMB;1657-4915;2389-7856;EDUCATION & EDUCATIONAL RESEARCH - ESCI;13;n/a;n/a;0.03;56.16%
Radical Teacher;RADIC TEACH;1941-0832;1941-0832;EDUCATION & EDUCATIONAL RESEARCH - ESCI;74;n/a;n/a;0.18;100%
Revista Conrado;REV CONRADO;1990-8644;1990-8644;EDUCATION & EDUCATIONAL RESEARCH - ESCI;107;n/a;n/a;0.05;0%
Revista Fuentes;REV FUENTES;2172-7775;2172-7775;EDUCATION & EDUCATIONAL RESEARCH - ESCI;116;n/a;n/a;0.26;81.63%
Student Success;STUD SUCCESS;2205-0795;2205-0795;EDUCATION & EDUCATIONAL RESEARCH - ESCI;136;n/a;n/a;0.77;84.34%
Campus Virtuales;CAMPUS VIRTUALES;2255-1514;2255-1514;EDUCATION & EDUCATIONAL RESEARCH - ESCI;147;n/a;n/a;0.51;0%
Cogent Education;COGENT EDUC;2331-186X;2331-186X;EDUCATION & EDUCATIONAL RESEARCH - ESCI;875;n/a;n/a;0.54;100%
Foro Educacional;FORO EDUC-CHILE;0717-2710;0718-0772;EDUCATION & EDUCATIONAL RESEARCH - ESCI;1;n/a;n/a;0.01;33.33%
IARTEM e-Journal;IARTEM E-J;1837-2104;1837-2104;EDUCATION & EDUCATIONAL RESEARCH - ESCI;10;n/a;n/a;0.06;0%
REGISTER Journal;REGIST J;1979-8903;2503-040X;EDUCATION & EDUCATIONAL RESEARCH - ESCI;13;n/a;n/a;0.13;88.1%
Sophia-Educacion;SOPHIA-EDUC;1794-8932;2346-0806;EDUCATION & EDUCATIONAL RESEARCH - ESCI;19;n/a;n/a;0.07;80.36%
Aula de Encuentro;AULA ENCUENTRO;1137-8778;2341-4847;EDUCATION & EDUCATIONAL RESEARCH - ESCI;28;n/a;n/a;0.08;36.67%
Dialogic Pedagogy;DIALOGIC PEDAGOG;2325-3290;2325-3290;EDUCATION & EDUCATIONAL RESEARCH - ESCI;54;n/a;n/a;0.2;100%
EDUCATIONAL FORUM;EDUC FORUM;0013-1725;1938-8098;EDUCATION & EDUCATIONAL RESEARCH - ESCI;603;n/a;n/a;0.41;0%
Educar em Revista;EDUC REV-CURITIBA;0104-4060;1984-0411;EDUCATION & EDUCATIONAL RESEARCH - ESCI;375;n/a;n/a;0.15;99.64%
Foro de Educacion;FORO EDUC-SPAIN;1698-7799;1698-7802;EDUCATION & EDUCATIONAL RESEARCH - ESCI;116;n/a;n/a;0.29;100%
Improving Schools;IMPROV SCH;1365-4802;1475-7583;EDUCATION & EDUCATIONAL RESEARCH - ESCI;442;n/a;n/a;0.78;7.04%
Revista Educacion;REV EDUC-COSTA RICA;0379-7082;2215-2644;EDUCATION & EDUCATIONAL RESEARCH - ESCI;156;n/a;n/a;0.12;93.9%
Uni-pluriversidad;UNI-PLURIVERSIDAD;1657-4249;2665-2730;EDUCATION & EDUCATIONAL RESEARCH - ESCI;27;n/a;n/a;0.34;96.43%
Advanced Education;ADV EDUC;2409-3351;2410-8286;EDUCATION & EDUCATIONAL RESEARCH - ESCI;91;n/a;n/a;0.27;96.91%
Critical Education;CRIT EDUC;1920-4175;1920-4175;EDUCATION & EDUCATIONAL RESEARCH - ESCI;174;n/a;n/a;0.41;0%
Curriculum Journal;CURRIC J;0958-5176;1469-3704;EDUCATION & EDUCATIONAL RESEARCH - ESCI;722;n/a;n/a;1.25;21.37%
EDUCATIONAL THEORY;EDUC THEORY;0013-2004;1741-5446;EDUCATION & EDUCATIONAL RESEARCH - ESCI;974;n/a;n/a;0.24;11.43%
Educatio Siglo XXI;EDUC SIGLO XXI;1699-2105;1989-466X;EDUCATION & EDUCATIONAL RESEARCH - ESCI;219;n/a;n/a;0.24;79.65%
Education Sciences;EDUC SCI;N/A;2227-7102;EDUCATION & EDUCATIONAL RESEARCH - ESCI;1,579;n/a;n/a;1.03;99.89%
European Education;EUR EDUC;1056-4934;1944-7086;EDUCATION & EDUCATIONAL RESEARCH - ESCI;224;n/a;n/a;0.48;6.15%
Laplage em Revista;LAPLAGE REV;2446-6220;2446-6220;EDUCATION & EDUCATIONAL RESEARCH - ESCI;32;n/a;n/a;0.07;78.26%
PHARMACY EDUCATION;PHARM EDUC;1560-2214;1477-2701;EDUCATION, SCIENTIFIC DISCIPLINES - ESCI;284;n/a;n/a;0.22;42.78%
Philological Class;PHILOL CL;2071-2405;2071-2405;EDUCATION & EDUCATIONAL RESEARCH - ESCI;8;n/a;n/a;0.02;66.67%
Reading Psychology;READ PSYCHOL;0270-2711;1521-0685;PSYCHOLOGY, EDUCATIONAL - ESCI;643;n/a;n/a;0.34;0.99%
Revista Cientifica;REV CIENT-COLOMBIA;0124-2253;2344-8350;EDUCATION, SCIENTIFIC DISCIPLINES - ESCI;58;n/a;n/a;0.1;65.77%
Teaching Education;TEACH EDUC;1047-6210;1470-1286;EDUCATION & EDUCATIONAL RESEARCH - ESCI;655;n/a;n/a;0.88;2.88%
Writing & Pedagogy;WRIT PEDAGOG;1756-5839;1756-5847;EDUCATION & EDUCATIONAL RESEARCH - ESCI;70;n/a;n/a;0.12;2.5%
Classroom Discourse;CLASSR DISCOURSE;1946-3014;1946-3022;EDUCATION & EDUCATIONAL RESEARCH - ESCI;311;n/a;n/a;1.78;14.75%
Educacao & Formacao;EDUC FORMACAO;N/A;2448-3583;EDUCATION & EDUCATIONAL RESEARCH - ESCI;124;n/a;n/a;0.35;87.39%
Education Economics;EDUC ECON;0964-5292;1469-5782;EDUCATION & EDUCATIONAL RESEARCH - ESCI;683;n/a;n/a;0.82;7.83%
LEARNing Landscapes;LEARN LANDSC;1913-5688;1913-5688;EDUCATION & EDUCATIONAL RESEARCH - ESCI;145;n/a;n/a;0.18;0%
Pedagogika-Pedagogy;PEDAGOGIKA;0861-3982;1314-8540;EDUCATION & EDUCATIONAL RESEARCH - ESCI;213;n/a;n/a;0.04;0%
Power and Education;POWER EDUC;N/A;1757-7438;EDUCATION & EDUCATIONAL RESEARCH - ESCI;198;n/a;n/a;0.44;0%
Reflective Practice;REFLECT PRACT;1462-3943;1470-1103;EDUCATION & EDUCATIONAL RESEARCH - ESCI;1,016;n/a;n/a;0.68;9.28%
Review of Education;REV EDUC-US;2049-6613;2049-6613;EDUCATION & EDUCATIONAL RESEARCH - ESCI;273;n/a;n/a;1.18;18.31%
Revista Educaonline;REVIST EDUC;1983-2664;1983-2664;EDUCATION & EDUCATIONAL RESEARCH - ESCI;10;n/a;n/a;0.04;0%
SIMULATION & GAMING;SIMULAT GAMING;1046-8781;1552-826X;EDUCATION & EDUCATIONAL RESEARCH - ESCI;1,447;n/a;n/a;1.27;9.22%
TESL Canada Journal;TESL CAN J;0826-435X;1925-8917;EDUCATION & EDUCATIONAL RESEARCH - ESCI;423;n/a;n/a;0.4;96.3%
Teacher Development;TEACH DEV;1366-4530;1747-5120;EDUCATION & EDUCATIONAL RESEARCH - ESCI;505;n/a;n/a;0.59;5.45%
Teaching Statistics;TEACH STAT;0141-982X;1467-9639;EDUCATION & EDUCATIONAL RESEARCH - ESCI;133;n/a;n/a;0.3;11.11%
Debate Universitario;DEBATE UNIV;2314-2138;2314-1530;EDUCATION & EDUCATIONAL RESEARCH - ESCI;10;n/a;n/a;0.04;0%
Educacao por Escrito;EDUC ESCRITO;2179-8435;2179-8435;EDUCATION & EDUCATIONAL RESEARCH - ESCI;11;n/a;n/a;0.02;67.9%
Education for Health;EDUC HEALTH;1357-6283;1469-5804;EDUCATION, SCIENTIFIC DISCIPLINES - ESCI;720;n/a;n/a;0.46;0%
Ethics and Education;ETHICS EDUC;1744-9642;1744-9650;EDUCATION & EDUCATIONAL RESEARCH - ESCI;357;n/a;n/a;0.77;8.42%
Innovacion Educativa;INNOV EDUC-SPAIN;1130-8656;2340-0056;EDUCATION & EDUCATIONAL RESEARCH - ESCI;15;n/a;n/a;0.06;97.3%
JOURNAL OF EXTENSION;J EXT;0022-0140;1077-5315;EDUCATION & EDUCATIONAL RESEARCH - ESCI;1,650;n/a;n/a;0.24;0%
Journal of Asia TEFL;J ASIA TEFL;1738-3102;2466-1511;EDUCATION & EDUCATIONAL RESEARCH - ESCI;375;n/a;n/a;0.4;97.67%
Journal of Education;J EDUC-S AFR;0259-479X;2520-9868;EDUCATION & EDUCATIONAL RESEARCH - ESCI;148;n/a;n/a;0.38;96.2%
MENTORING & TUTORING;MENTOR TUTOR;1361-1267;1469-9745;EDUCATION & EDUCATIONAL RESEARCH - ESCI;660;n/a;n/a;0.63;1.15%
Paginas de Educacion;PAGINAS EDUC;1688-5287;1688-7468;EDUCATION & EDUCATIONAL RESEARCH - ESCI;49;n/a;n/a;0.22;100%
Physical Educator-US;PHYS EDUC-US;2160-1682;2160-1682;EDUCATION & EDUCATIONAL RESEARCH - ESCI;421;n/a;n/a;0.37;0%
Revista EntreLinguas;REV ENTRELINGUAS;2447-4045;2447-3529;EDUCATION & EDUCATIONAL RESEARCH - ESCI;5;n/a;n/a;0.02;95.52%
Support for Learning;SUPPORT LEARN;0268-2141;1467-9604;EDUCATION, SPECIAL - ESCI;470;n/a;n/a;0.3;11.69%
Language and Literacy;LANG LITER;N/A;1496-0974;EDUCATION & EDUCATIONAL RESEARCH - ESCI;83;n/a;n/a;0.21;59.68%
Research in Education;RES EDUC;0034-5237;2050-4608;EDUCATION & EDUCATIONAL RESEARCH - ESCI;400;n/a;n/a;0.6;5.26%
Revista Publicaciones;REV PUBL;1577-4147;2530-9269;EDUCATION & EDUCATIONAL RESEARCH - ESCI;30;n/a;n/a;0.12;89.78%
SOCIAL WORK EDUCATION;SOC WORK EDUC;0261-5479;1470-1227;EDUCATION & EDUCATIONAL RESEARCH - ESCI;1,761;n/a;n/a;0.98;2.89%
Yuksekogretim Dergisi;YUKSEKOGRETIM DERG;2146-796X;2146-7978;EDUCATION & EDUCATIONAL RESEARCH - ESCI;59;n/a;n/a;0.21;90%
Academia y Virtualidad;ACAD VIRTUALIDAD;2011-0731;2011-0731;EDUCATION & EDUCATIONAL RESEARCH - ESCI;11;n/a;n/a;0.07;74.19%
Apuntes Universitarios;APUNT UNIV;2225-7136;2304-0335;EDUCATION & EDUCATIONAL RESEARCH - ESCI;23;n/a;n/a;0.06;96.88%
Educational Assessment;EDUC ASSESS;1062-7197;1532-6977;EDUCATION & EDUCATIONAL RESEARCH - ESCI;505;n/a;n/a;1.02;0%
Legal Education Review;LEG EDUC REV;1033-2839;1839-3713;EDUCATION & EDUCATIONAL RESEARCH - ESCI;93;n/a;n/a;0.19;0%
Teoria de la Educacion;TEOR EDUC;1130-3743;2386-5660;EDUCATION & EDUCATIONAL RESEARCH - ESCI;225;n/a;n/a;0.44;96.77%
Africa Education Review;AFR EDUC RE;1814-6627;1753-5921;EDUCATION & EDUCATIONAL RESEARCH - ESCI;226;n/a;n/a;0.27;0%
COMMUNICATION EDUCATION;COMMUN EDUC;0363-4523;1479-5795;EDUCATION & EDUCATIONAL RESEARCH - ESCI;1,833;n/a;n/a;1.32;2.02%
DDS-Die Deutsche Schule;DDS-DEUT SCH;0012-0731;0012-0731;EDUCATION & EDUCATIONAL RESEARCH - ESCI;50;n/a;n/a;0.21;0%
Intercultural Education;INTERCULT EDUC;1467-5986;1469-8439;EDUCATION & EDUCATIONAL RESEARCH - ESCI;743;n/a;n/a;0.75;8.2%
Journal of Education-US;J EDUC-US;0022-0574;2515-5741;EDUCATION & EDUCATIONAL RESEARCH - ESCI;37;n/a;n/a;0.34;0%
Perspectiva Educacional;PERSPECT EDUCAC;0718-9729;0718-9729;EDUCATION & EDUCATIONAL RESEARCH - ESCI;57;n/a;n/a;0.14;81.67%
Taiwan Journal of TESOL;TAIWAN J TESOL;1814-9448;2076-7617;EDUCATION & EDUCATIONAL RESEARCH - ESCI;20;n/a;n/a;0.27;0%
Teaching Artist Journal;TEACH ARTIST J;1541-1796;1541-180X;EDUCATION & EDUCATIONAL RESEARCH - ESCI;31;n/a;n/a;0.03;0%
Teaching of Mathematics;TEACH MATH-SERB;1451-4966;2406-1077;EDUCATION, SCIENTIFIC DISCIPLINES - ESCI;34;n/a;n/a;0.23;0%
Actualidades Pedagogicas;ACTUAL PEDAGOG;0120-1700;2389-8755;EDUCATION & EDUCATIONAL RESEARCH - ESCI;28;n/a;n/a;0.07;59.57%
COMPUTERS IN THE SCHOOLS;COMPUT SCH;0738-0569;1528-7033;EDUCATION & EDUCATIONAL RESEARCH - ESCI;387;n/a;n/a;0.84;4.17%
Childhood and Philosophy;CHILD PHILOS;2525-5061;1984-5987;EDUCATION & EDUCATIONAL RESEARCH - ESCI;53;n/a;n/a;0.25;86.73%
Community College Review;COMMUNITY COLL REV;0091-5521;1940-2325;EDUCATION & EDUCATIONAL RESEARCH - ESCI;642;n/a;n/a;1.04;3.57%
Digital Education Review;DIGIT EDUC REV;2013-9144;2013-9144;EDUCATION & EDUCATIONAL RESEARCH - ESCI;205;n/a;n/a;0.64;0%
Eccos-Revista Cientifica;ECCOS-REV CIENT;1517-1949;1983-9278;EDUCATION & EDUCATIONAL RESEARCH - ESCI;44;n/a;n/a;0.07;98.33%
Educational Studies-AESA;EDUC STUD-AESA;0013-1946;1532-6993;EDUCATION & EDUCATIONAL RESEARCH - ESCI;529;n/a;n/a;0.67;0.89%
Estudios Sobre Educacion;ESTUD SOBRE EDUC;1578-7001;2386-6292;EDUCATION & EDUCATIONAL RESEARCH - ESCI;277;n/a;n/a;0.53;82.86%
Informatics in Education;INFORM EDUC;1648-5831;2335-8971;EDUCATION & EDUCATIONAL RESEARCH - ESCI;299;n/a;n/a;1.24;98.57%
Journal of Peer Learning;J PEER LEARN;2200-2359;2200-2359;EDUCATION & EDUCATIONAL RESEARCH - ESCI;56;n/a;n/a;0.66;0%
Studies in Art Education;STUD ART EDUC;0039-3541;2325-8039;EDUCATION & EDUCATIONAL RESEARCH - ESCI;364;n/a;n/a;0.47;0%
Education et Francophonie;EDUC FRANCOPH;0849-1089;1916-8659;EDUCATION & EDUCATIONAL RESEARCH - ESCI;69;n/a;n/a;0.05;0%
Ethnography and Education;ETHNOGR EDUC;1745-7823;1745-7831;EDUCATION & EDUCATIONAL RESEARCH - ESCI;503;n/a;n/a;0.89;6.42%
JOURNAL OF DRUG EDUCATION;J DRUG EDUC;0047-2379;1541-4159;EDUCATION, SCIENTIFIC DISCIPLINES - ESCI;529;n/a;n/a;0.27;0%
Language Learning Journal;LANG LEARN J;0957-1736;1753-2167;EDUCATION & EDUCATIONAL RESEARCH - ESCI;638;n/a;n/a;1.25;5.13%
Preventing School Failure;PREV SCH FAIL;1045-988X;1940-4387;EDUCATION & EDUCATIONAL RESEARCH - ESCI;739;n/a;n/a;0.67;0%
Spreadsheets in Education;SPREADSHEETS EDUC;1448-6156;1448-6156;EDUCATION & EDUCATIONAL RESEARCH - ESCI;44;n/a;n/a;0.42;0%
Christian Higher Education;CHRIST HIGH EDUC;1536-3759;1539-4107;EDUCATION & EDUCATIONAL RESEARCH - ESCI;114;n/a;n/a;0.23;0%
Computer Science Education;COMPUT SCI EDUC;0899-3408;1744-5175;EDUCATION & EDUCATIONAL RESEARCH - ESCI;405;n/a;n/a;1.15;1.67%
Educacion Fisica y Ciencia;EDUC FIS CIENC;1514-0105;2314-2561;EDUCATION & EDUCATIONAL RESEARCH - ESCI;29;n/a;n/a;0.05;97.47%
Espacio Tiempo y Educacion;ESPACIO TIEMPO EDUC;2340-7263;2340-7263;EDUCATION & EDUCATIONAL RESEARCH - ESCI;48;n/a;n/a;0.18;83.13%
Foro de Profesores de E-LE;FORO PROFR E-LE;1886-337X;1886-337X;EDUCATION & EDUCATIONAL RESEARCH - ESCI;28;n/a;n/a;0.09;65.38%
HIGHER EDUCATION QUARTERLY;HIGH EDUC Q;0951-5224;1468-2273;EDUCATION & EDUCATIONAL RESEARCH - ESCI;976;n/a;n/a;1.53;11.67%
Journal of Learning Styles;J LEARN STYLES;2332-8533;2332-8533;EDUCATION & EDUCATIONAL RESEARCH - ESCI;33;n/a;n/a;0.03;0%
Journal of Peace Education;J PEACE EDUC;1740-0201;1740-021X;EDUCATION & EDUCATIONAL RESEARCH - ESCI;199;n/a;n/a;0.74;4.26%
London Review of Education;LOND REV EDUC;1474-8460;1474-8479;EDUCATION & EDUCATIONAL RESEARCH - ESCI;438;n/a;n/a;0.7;84.78%
Pastoral Care in Education;PASTOR CARE EDUC;0264-3944;1468-0122;EDUCATION & EDUCATIONAL RESEARCH - ESCI;321;n/a;n/a;0.63;2.63%
Revista Praxis Educacional;REV PRAX EDUC;1809-0249;2178-2679;EDUCATION & EDUCATIONAL RESEARCH - ESCI;158;n/a;n/a;0.14;78.59%
Studying Teacher Education;STUD TEACH EDUC;1742-5964;1742-5972;EDUCATION & EDUCATIONAL RESEARCH - ESCI;394;n/a;n/a;0.62;0%
Bordon-Revista de Pedagogia;BORDON;0210-5934;2340-6577;EDUCATION & EDUCATIONAL RESEARCH - ESCI;372;n/a;n/a;0.34;0%
Educational Action Research;EDUC ACTION RES;0965-0792;1747-5074;EDUCATION & EDUCATIONAL RESEARCH - ESCI;1,188;n/a;n/a;1.07;9.74%
Higher Education Pedagogies;HIGH EDUC PEDAGOG;2375-2696;2375-2696;EDUCATION & EDUCATIONAL RESEARCH - ESCI;110;n/a;n/a;0.62;100%
Innovacion Educativa-Mexico;INNOV EDUC-MEXICO;1665-2673;2594-0392;EDUCATION & EDUCATIONAL RESEARCH - ESCI;104;n/a;n/a;0.11;0%
Innovative Higher Education;INNOV HIGH EDUC;0742-5627;1573-1758;EDUCATION & EDUCATIONAL RESEARCH - ESCI;918;n/a;n/a;0.8;4.81%
Journal of Jewish Education;J JEW EDUC;1524-4113;1554-611X;EDUCATION & EDUCATIONAL RESEARCH - ESCI;69;n/a;n/a;0.21;1.92%
Journal of Museum Education;J MUS EDUC;1059-8650;2051-6169;EDUCATION & EDUCATIONAL RESEARCH - ESCI;168;n/a;n/a;0.31;1.82%
Journal of Writing Research;J WRIT RES;2030-1006;2294-3307;EDUCATION & EDUCATIONAL RESEARCH - ESCI;362;n/a;n/a;1.16;100%
Mathematics and Informatics;MATH INFORM;1310-2230;1314-8532;EDUCATION & EDUCATIONAL RESEARCH - ESCI;44;n/a;n/a;0.25;0%
McGill Journal of Education;MCGILL J EDUC;0024-9033;1916-0666;EDUCATION & EDUCATIONAL RESEARCH - ESCI;163;n/a;n/a;0.16;25.68%
Policy Futures in Education;POLICY FUTURES EDUC;1478-2103;1478-2103;EDUCATION & EDUCATIONAL RESEARCH - ESCI;858;n/a;n/a;0.81;6.91%
Quality in Higher Education;QUAL HIGH EDUC;1353-8322;1470-1081;EDUCATION & EDUCATIONAL RESEARCH - ESCI;552;n/a;n/a;0.93;10.94%
Berkeley Review of Education;BERKELEY REV EDUC;1947-5578;1947-5578;EDUCATION & EDUCATIONAL RESEARCH - ESCI;76;n/a;n/a;0.32;100%
Journal of Childhood Studies;J CHILD STUD;2371-4107;2371-4115;EDUCATION & EDUCATIONAL RESEARCH - ESCI;88;n/a;n/a;0.23;25.64%
Journal of Education Finance;J EDUC FINANC;0098-9495;1944-6470;EDUCATION & EDUCATIONAL RESEARCH - ESCI;159;n/a;n/a;0.15;0%
Pedagogy Culture and Society;PEDAGOG CULT SOC;1468-1366;1747-5104;EDUCATION & EDUCATIONAL RESEARCH - ESCI;658;n/a;n/a;0.96;6.67%
Review of Austrian Economics;REV AUSTRIAN ECON;0889-3047;1573-7128;EDUCATION & EDUCATIONAL RESEARCH - ESCI;298;n/a;n/a;0.66;7.69%
Revista Electronica de LEEME;REV ELECTRON LEEME;1575-9563;1575-9563;EDUCATION & EDUCATIONAL RESEARCH - ESCI;16;n/a;n/a;0.24;96.67%
Schools-Studies in Education;SCHOOLS;1550-1175;2153-0327;EDUCATION & EDUCATIONAL RESEARCH - ESCI;33;n/a;n/a;0.18;0%
Turkish Journal of Education;TURK J EDUC;2147-2858;2147-2858;EDUCATION & EDUCATIONAL RESEARCH - ESCI;43;n/a;n/a;0.35;100%
ETD Educacao Tematica Digital;ETD EDUC TEMAT DIGIT;1676-2592;1676-2592;EDUCATION & EDUCATIONAL RESEARCH - ESCI;66;n/a;n/a;0.07;91.52%
English Teaching and Learning;ENGL TEACH LEARN;1023-7267;2522-8560;EDUCATION & EDUCATIONAL RESEARCH - ESCI;47;n/a;n/a;0.61;2.86%
Industry and Higher Education;IND HIGHER EDUC;0950-4222;2043-6858;EDUCATION & EDUCATIONAL RESEARCH - ESCI;652;n/a;n/a;0.94;11.8%
Investigaciones sobre Lectura;INVESTIG LECT;2340-8685;2340-8685;EDUCATION & EDUCATIONAL RESEARCH - ESCI;59;n/a;n/a;0.52;53.57%
Journal of Advanced Academics;J ADV ACAD;1932-202X;2162-9536;EDUCATION, SPECIAL - ESCI;629;n/a;n/a;0.97;0%
Journal of Education and Work;J EDUC WORK;1363-9080;1469-9435;EDUCATION & EDUCATIONAL RESEARCH - ESCI;1,325;n/a;n/a;0.87;11.54%
Journal of Learning Analytics;J LEARN ANAL;N/A;1929-7750;EDUCATION & EDUCATIONAL RESEARCH - ESCI;632;n/a;n/a;2.21;98.68%
Journal of Workplace Learning;J WORKPLACE LEARN;1366-5626;1758-7859;EDUCATION & EDUCATIONAL RESEARCH - ESCI;927;n/a;n/a;0.95;0%
Literacy and Numeracy Studies;LIT NUMER STUD;1441-0559;1839-2903;EDUCATION & EDUCATIONAL RESEARCH - ESCI;44;n/a;n/a;0.32;71.43%
Propositos y Representaciones;PROPOS REPRESENT;2307-7999;2310-4635;PSYCHOLOGY, EDUCATIONAL - ESCI;174;n/a;n/a;0.23;92.83%
Revista Educacao e Linguagens;REV EDUC LING;2238-6084;2238-6084;EDUCATION & EDUCATIONAL RESEARCH - ESCI;13;n/a;n/a;0.03;0%
Teaching Exceptional Children;TEACH EXCEPT CHILD;0040-0599;2163-5684;EDUCATION, SPECIAL - ESCI;806;n/a;n/a;0.7;0%
Alteridad-Revista de Educacion;ALTERIDAD;1390-325X;1390-8642;EDUCATION & EDUCATIONAL RESEARCH - ESCI;61;n/a;n/a;0.27;83.33%
Australian Universities Review;AUST UNIV REV;0818-8068;0818-8068;EDUCATION & EDUCATIONAL RESEARCH - ESCI;306;n/a;n/a;0.54;0%
HISTORY OF EDUCATION QUARTERLY;HIST EDUC Q;0018-2680;1748-5959;EDUCATION & EDUCATIONAL RESEARCH - ESCI;361;n/a;n/a;0.36;1.92%
Issues in Educational Research;ISS EDUC RES;1837-6290;1837-6290;EDUCATION & EDUCATIONAL RESEARCH - ESCI;547;n/a;n/a;0.59;0%
Journal of Marketing Education;J MARKET EDUC;0273-4753;1552-6550;EDUCATION & EDUCATIONAL RESEARCH - ESCI;858;n/a;n/a;2.08;1.61%
Journal of Perinatal Education;J PERINAT EDUC;1058-1243;1548-8519;EDUCATION & EDUCATIONAL RESEARCH - ESCI;591;n/a;n/a;0.43;0%
Multicultural Education Review;MULTICULT EDUC REV;2005-615X;2377-0031;EDUCATION & EDUCATIONAL RESEARCH - ESCI;141;n/a;n/a;0.51;0%
Nuances-Estudos sobre Educacao;NUANCES;2236-0441;2236-0441;EDUCATION & EDUCATIONAL RESEARCH - ESCI;32;n/a;n/a;0.01;0%
Nursing Education Perspectives;NURS EDUC PERSPECT;1536-5026;1943-4685;EDUCATION & EDUCATIONAL RESEARCH - ESCI;1,684;n/a;n/a;0.52;1.17%
Physical Education of Students;PHYS EDUC STUD;2075-5279;2308-7250;EDUCATION & EDUCATIONAL RESEARCH - ESCI;177;n/a;n/a;0.71;97.14%
QUALITY ASSURANCE IN EDUCATION;QUAL ASSUR EDUC;0968-4883;1758-7662;EDUCATION & EDUCATIONAL RESEARCH - ESCI;713;n/a;n/a;0.74;0%
Revista de Educacion Inclusiva;REV EDUC INCL;1889-4208;1989-4643;EDUCATION, SPECIAL - ESCI;75;n/a;n/a;0.1;1.15%
School Leadership & Management;SCH LEADERSH MANAG;1363-2434;1364-2626;EDUCATION & EDUCATIONAL RESEARCH - ESCI;1,118;n/a;n/a;1.34;3.53%
School Science and Mathematics;SCHOOL SCI MATH;0036-6803;1949-8594;EDUCATION & EDUCATIONAL RESEARCH - ESCI;1,485;n/a;n/a;0.64;0.85%
Teaching Public Administration;TEACH PUBLIC ADMIN;0144-7394;2047-8720;EDUCATION & EDUCATIONAL RESEARCH - ESCI;175;n/a;n/a;0.74;10.26%
Teaching Theology and Religion;TEACH THEOL RELIG;1368-4868;1467-9647;EDUCATION & EDUCATIONAL RESEARCH - ESCI;96;n/a;n/a;1.3;2.78%
Case Studies in the Environment;CASE STUD ENVIRON;2473-9510;2473-9510;EDUCATION & EDUCATIONAL RESEARCH - ESCI;67;n/a;n/a;0.22;0%
Educational Media International;EDUC MEDIA INT;0952-3987;1469-5790;EDUCATION & EDUCATIONAL RESEARCH - ESCI;587;n/a;n/a;1;1.61%
Frontiers of Education in China;FRONT EDUC CHINA;1673-341X;1673-3533;EDUCATION & EDUCATIONAL RESEARCH - ESCI;272;n/a;n/a;0.44;1.41%
Journal fur Mathematik-Didaktik;J MATH-DIDAKT;0173-5322;1869-2699;EDUCATION & EDUCATIONAL RESEARCH - ESCI;151;n/a;n/a;0.57;41.07%
Journal of Management Education;J MANAG EDUC;1052-5629;1552-6658;EDUCATION & EDUCATIONAL RESEARCH - ESCI;1,168;n/a;n/a;1.18;3.88%
Journal of Statistics Education;J STAT EDUC;1069-1898;1069-1898;EDUCATION, SCIENTIFIC DISCIPLINES - ESCI;389;n/a;n/a;0.47;100%
Pegem Egitim ve Ogretim Dergisi;PEGEM EGIT OGR DERG;2148-239X;2148-239X;EDUCATION & EDUCATIONAL RESEARCH - ESCI;85;n/a;n/a;0.23;83.93%
Research in Learning Technology;RES LEARN TECHNOL;2156-7069;2156-7077;EDUCATION & EDUCATIONAL RESEARCH - ESCI;691;n/a;n/a;0.96;100%
Revista Eletronica Pesquiseduca;REV ELECTRONICA PESQ;2177-1626;2177-1626;EDUCATION & EDUCATIONAL RESEARCH - ESCI;17;n/a;n/a;0.03;0%
Revista de Ensino de Bioquimica;REV ENSINO BIOQUIM;2318-8790;2318-8790;EDUCATION, SCIENTIFIC DISCIPLINES - ESCI;13;n/a;n/a;0.06;60.98%
Virtualidad Educacion y Ciencia;VIRTUALIDAD EDUC CIE;1853-6530;1853-6530;EDUCATION & EDUCATIONAL RESEARCH - ESCI;29;n/a;n/a;0.17;0%
Education Research International;EDUC RES INT;2090-4002;2090-4010;EDUCATION & EDUCATIONAL RESEARCH - ESCI;421;n/a;n/a;0.64;99%
Electronic Journal of e-Learning;ELECTRON J E-LEARN;1479-4403;1479-4403;EDUCATION & EDUCATIONAL RESEARCH - ESCI;473;n/a;n/a;1.11;68.06%
Equity & Excellence in Education;EQUITY EXCELL EDUC;1066-5684;1547-3457;EDUCATION & EDUCATIONAL RESEARCH - ESCI;1,199;n/a;n/a;0.88;0%
JOURNAL OF LATINOS AND EDUCATION;J LAT EDUC;1534-8431;1532-771X;EDUCATION & EDUCATIONAL RESEARCH - ESCI;481;n/a;n/a;1.1;0.71%
Journal of Mathematical Behavior;J MATH BEHAV;0732-3123;1873-8028;EDUCATION & EDUCATIONAL RESEARCH - ESCI;1,373;n/a;n/a;0.96;3.43%
Journal of Student Financial Aid;J STUD FINANC AID;0884-9153;0884-9153;EDUCATION & EDUCATIONAL RESEARCH - ESCI;86;n/a;n/a;0.31;0%
Journal of Teaching and Learning;J TEACH LEARN;1492-1154;1911-8279;EDUCATION & EDUCATIONAL RESEARCH - ESCI;49;n/a;n/a;0.11;96.77%
Leadership and Policy in Schools;LEADERSH POLICY SCH;1570-0763;1744-5043;EDUCATION & EDUCATIONAL RESEARCH - ESCI;670;n/a;n/a;0.88;3.57%
Revista Complutense de Educacion;REV COMPLUT EDUC;1130-2496;1988-2793;EDUCATION & EDUCATIONAL RESEARCH - ESCI;391;n/a;n/a;0.52;95.21%
Theory and Research in Education;THEORY RES EDUC;1477-8785;1741-3192;EDUCATION & EDUCATIONAL RESEARCH - ESCI;688;n/a;n/a;1.13;19.61%
Transnational Curriculum Inquiry;TRANSNATL CURRIC INQ;1449-8855;1449-8855;EDUCATION & EDUCATIONAL RESEARCH - ESCI;20;n/a;n/a;0.08;0%
Espiral-Cuadernos del Profesorado;ESPIRAL;1988-7701;1988-7701;EDUCATION & EDUCATIONAL RESEARCH - ESCI;79;n/a;n/a;0.74;14.63%
GMS Journal for Medical Education;GMS J MED EDU;2366-5017;2366-5017;EDUCATION, SCIENTIFIC DISCIPLINES - ESCI;406;n/a;n/a;0.74;0%
INTERNATIONAL REVIEW OF EDUCATION;INT REV EDUC;0020-8566;1573-0638;EDUCATION & EDUCATIONAL RESEARCH - ESCI;912;n/a;n/a;0.98;16.98%
Journal of Chiropractic Education;J CHIPROPR EDUC;1042-5055;2374-250X;EDUCATION, SCIENTIFIC DISCIPLINES - ESCI;200;n/a;n/a;0.34;63.46%
Journal of Computers in Education;J COMPUT EDUC;2197-9987;2197-9995;EDUCATION & EDUCATIONAL RESEARCH - ESCI;407;n/a;n/a;1.08;11.39%
Journal of Education for Business;J EDUC BUS;0883-2323;1940-3356;EDUCATION & EDUCATIONAL RESEARCH - ESCI;1,167;n/a;n/a;0.81;0.87%
Journal of Experiential Education;J EXPERIENT EDUC;1053-8259;2169-009X;EDUCATION & EDUCATIONAL RESEARCH - ESCI;739;n/a;n/a;1.5;2.2%
Journal of Food Science Education;J FOOD SCI EDUC;1541-4329;1541-4329;EDUCATION, SCIENTIFIC DISCIPLINES - ESCI;156;n/a;n/a;0.51;5.88%
Journal of International Students;J INT STUDENTS;2162-3104;2166-3750;EDUCATION & EDUCATIONAL RESEARCH - ESCI;688;n/a;n/a;0.77;46.53%
Journal of Language and Education;J LANG EDUC;N/A;2411-7390;EDUCATION & EDUCATIONAL RESEARCH - ESCI;50;n/a;n/a;0.36;97.41%
Literacy Research and Instruction;LIT RES INSTR;1938-8071;1938-8063;EDUCATION & EDUCATIONAL RESEARCH - ESCI;326;n/a;n/a;0.69;0%
Malaysian Journal of ELT Research;MALAYS J ELT RES;1511-8002;1511-8002;EDUCATION & EDUCATIONAL RESEARCH - ESCI;33;n/a;n/a;0.03;0%
Qualitative Research in Education;QUAL RES EDUC;2014-6418;2014-6418;EDUCATION & EDUCATIONAL RESEARCH - ESCI;71;n/a;n/a;0.52;100%
Research in Mathematics Education;RES MATH EDUCAT;1479-4802;1754-0178;EDUCATION & EDUCATIONAL RESEARCH - ESCI;319;n/a;n/a;0.91;7.02%
Revista Contemporanea de Educacao;REV CONTEMP EDUC;1809-5747;1809-5747;EDUCATION & EDUCATIONAL RESEARCH - ESCI;26;n/a;n/a;0.04;70.34%
Revista Tempos e Espacos Educacao;REV TEMPOS ESPACOS E;1983-6597;2358-1425;EDUCATION & EDUCATIONAL RESEARCH - ESCI;463;n/a;n/a;0.49;89%
Revue des Sciences de l Education;REV SCI EDUC;0318-479X;1705-0065;EDUCATION & EDUCATIONAL RESEARCH - ESCI;54;n/a;n/a;0.06;0%
Rural Special Education Quarterly;RURAL SPEC EDUC Q;8756-8705;2168-8605;EDUCATION, SPECIAL - ESCI;280;n/a;n/a;0.53;1.54%
Technology Knowledge and Learning;TECHNOL KNOWL LEARN;2211-1662;2211-1670;EDUCATION & EDUCATIONAL RESEARCH - ESCI;555;n/a;n/a;1.66;13.55%
Tertiary Education and Management;TERT EDUC MANAG;1358-3883;1573-1936;EDUCATION & EDUCATIONAL RESEARCH - ESCI;575;n/a;n/a;0.96;17.5%
Tizard Learning Disability Review;TIZARD LEARN DISABIL;1359-5474;2042-8782;EDUCATION, SPECIAL - ESCI;246;n/a;n/a;0.39;0%
VIREF-Revista de Educacion Fisica;VIREF-REV EDUC FIS;2322-9411;2322-9411;EDUCATION & EDUCATIONAL RESEARCH - ESCI;9;n/a;n/a;0.04;0%
Apunts Educacion Fisica y Deportes;APUNT EDUC FIS DEPOR;1577-4015;2014-0983;EDUCATION & EDUCATIONAL RESEARCH - ESCI;258;n/a;n/a;0.74;92.98%
Deafness & Education International;DEAF EDUC INT;1464-3154;1557-069X;EDUCATION & EDUCATIONAL RESEARCH - ESCI;204;n/a;n/a;0.65;3.92%
Education in the Knowledge Society;EDUC KNOWL SOC;2444-8729;2444-8729;EDUCATION & EDUCATIONAL RESEARCH - ESCI;278;n/a;n/a;0.97;95.29%
Educational Psychology in Practice;EDUC PSYCHOL PRACT;0266-7363;1469-5839;PSYCHOLOGY, EDUCATIONAL - ESCI;430;n/a;n/a;0.26;1.19%
GERONTOLOGY & GERIATRICS EDUCATION;GERONTOL GERIATR EDU;0270-1960;1545-3847;EDUCATION & EDUCATIONAL RESEARCH - ESCI;582;n/a;n/a;1.17;1.33%
Historia y Memoria de la Educacion;HIST MEM EDUC;2444-0043;2444-0043;EDUCATION & EDUCATIONAL RESEARCH - ESCI;52;n/a;n/a;0.07;81.88%
Journal of Music Teacher Education;J MUSIC TEACH EDUC;1057-0837;1945-0079;EDUCATION & EDUCATIONAL RESEARCH - ESCI;219;n/a;n/a;0.56;0%
Journal of Teaching in Social Work;J TEACH SOC WORK;0884-1233;1540-7349;EDUCATION & EDUCATIONAL RESEARCH - ESCI;544;n/a;n/a;0.5;0%
Metodicki Ogledi-Methodical Review;METOD OGL;0353-765X;1848-2325;EDUCATION & EDUCATIONAL RESEARCH - ESCI;18;n/a;n/a;0.09;11.9%
Nordic Journal of Digital Literacy;NORD J DIGIT LIT;0809-6724;1891-943X;EDUCATION & EDUCATIONAL RESEARCH - ESCI;255;n/a;n/a;0.77;97.5%
Sport Management Education Journal;SPORT MANAG EDUC J;1938-6974;2163-2367;EDUCATION & EDUCATIONAL RESEARCH - ESCI;115;n/a;n/a;0.56;0%
Attic-Revista d Innovacio Educativa;ATTIC-REV INNOV EDUC;1989-3477;1989-3477;EDUCATION & EDUCATIONAL RESEARCH - ESCI;41;n/a;n/a;0.26;94.44%
Educational Research and Evaluation;EDUC RES EVAL;1380-3611;1744-4187;EDUCATION & EDUCATIONAL RESEARCH - ESCI;889;n/a;n/a;0.71;9.76%
JOURNAL OF PUBLIC AFFAIRS EDUCATION;J PUBLIC AFF EDUC;1523-6803;2328-9643;EDUCATION & EDUCATIONAL RESEARCH - ESCI;577;n/a;n/a;1.01;0%
Journal for Multicultural Education;J MULTICULT EDUC;2053-535X;2053-535X;EDUCATION & EDUCATIONAL RESEARCH - ESCI;107;n/a;n/a;0.3;0%
Journal of Early Childhood Research;J EARLY CHILD RES;1476-718X;1741-2927;EDUCATION & EDUCATIONAL RESEARCH - ESCI;677;n/a;n/a;0.98;7.41%
Journal of Transformative Education;J TRANSFORM EDUC;1541-3446;1552-7840;EDUCATION & EDUCATIONAL RESEARCH - ESCI;520;n/a;n/a;1.16;0%
Open Review of Educational Research;OPEN REV EDUC RES;2326-5507;2326-5507;EDUCATION & EDUCATIONAL RESEARCH - ESCI;122;n/a;n/a;1.03;100%
Revista Iberoamericana de Educacion;REV IBEROAM EDUC;1022-6508;1681-5653;EDUCATION & EDUCATIONAL RESEARCH - ESCI;286;n/a;n/a;0.21;59.86%
Tuning Journal for Higher Education;TUNING J HIGH EDUC;2340-8170;2386-3137;EDUCATION & EDUCATIONAL RESEARCH - ESCI;18;n/a;n/a;0.26;100%
British Journal of Special Education;BRIT J SPEC EDUC;0952-3383;1467-8578;EDUCATION, SPECIAL - ESCI;461;n/a;n/a;0.39;9.59%
Canadian Journal of Higher Education;CAN J HIGH EDUC;0316-1218;0316-1218;EDUCATION & EDUCATIONAL RESEARCH - ESCI;412;n/a;n/a;0.66;25%
Interaction Design and Architectures;INTERACT DES ARCHIT;1826-9745;2283-2998;EDUCATION & EDUCATIONAL RESEARCH - ESCI;175;n/a;n/a;0.36;1.11%
International Journal of Instruction;INT J INSTR;1694-609X;1308-1470;EDUCATION & EDUCATIONAL RESEARCH - ESCI;779;n/a;n/a;0.81;98.33%
International Sport Coaching Journal;INT SPORT COACH J;2328-918X;2328-9198;EDUCATION & EDUCATIONAL RESEARCH - ESCI;428;n/a;n/a;1.25;0%
Journal of Applied School Psychology;J APPL SCH PSYCHOL;1537-7903;1537-7911;PSYCHOLOGY, EDUCATIONAL - ESCI;549;n/a;n/a;0.41;0%
Journal of Science Teacher Education;J SCI TEACH EDUC;1046-560X;1573-1847;EDUCATION & EDUCATIONAL RESEARCH - ESCI;1,189;n/a;n/a;0.83;2.88%
Large-Scale Assessments in Education;LARGE-SCALE ASSESS E;N/A;2196-0739;EDUCATION & EDUCATIONAL RESEARCH - ESCI;233;n/a;n/a;1.58;100%
RED-Revista de Educacion a Distancia;RED-REV EDUC DISTANC;1578-7680;1578-7680;EDUCATION & EDUCATIONAL RESEARCH - ESCI;161;n/a;n/a;0.62;98.78%
ASSESSMENT FOR EFFECTIVE INTERVENTION;ASSES EFF INTERV;1534-5084;1938-7458;EDUCATION & EDUCATIONAL RESEARCH - ESCI;524;n/a;n/a;0.92;0%
Espacios en Blanco-Serie Indagaciones;ESPACIOS BLANCO;1515-9485;1515-9485;EDUCATION & EDUCATIONAL RESEARCH - ESCI;31;n/a;n/a;0.03;35.71%
Globalisation Societies and Education;GLOB SOC EDUC;1476-7724;1476-7732;EDUCATION & EDUCATIONAL RESEARCH - ESCI;991;n/a;n/a;1.39;3.4%
JOURNAL OF EDUCATIONAL ADMINISTRATION;J EDUC ADMIN;0957-8234;1758-7395;EDUCATION & EDUCATIONAL RESEARCH - ESCI;2,358;n/a;n/a;1.51;1.5%
Language Learning in Higher Education;LANG LEARN HIGH EDUC;2191-611X;2191-6128;EDUCATION & EDUCATIONAL RESEARCH - ESCI;85;n/a;n/a;0.34;0%
Research in Post-Compulsory Education;RES POST-COMPULS EDU;1359-6748;1747-5112;EDUCATION & EDUCATIONAL RESEARCH - ESCI;284;n/a;n/a;0.38;0%
American Journal of Distance Education;AM J DISTANCE EDUC;0892-3647;1538-9286;EDUCATION & EDUCATIONAL RESEARCH - ESCI;542;n/a;n/a;0.92;0%
Chinese Journal of Applied Linguistics;CHIN J APPL LINGUIST;2192-9505;2192-9513;EDUCATION & EDUCATIONAL RESEARCH - ESCI;99;n/a;n/a;0.29;0%
Contemporary Issues in Early Childhood;CONTEMP ISS EARLY CH;1463-9491;1463-9491;EDUCATION & EDUCATIONAL RESEARCH - ESCI;738;n/a;n/a;0.82;9.82%
EMOTIONAL AND BEHAVIOURAL DIFFICULTIES;EMOT BEHAV DIFFIC;1363-2752;1741-2692;PSYCHOLOGY, EDUCATIONAL - ESCI;536;n/a;n/a;0.34;7.79%
Educational Research for Social Change;EDUC RES SOC CHANG;2221-4070;2221-4070;EDUCATION & EDUCATIONAL RESEARCH - ESCI;94;n/a;n/a;0.49;80%
Historical Studies in Education-Canada;HIST STUD EDU-CAN;0843-5057;1911-9674;EDUCATION & EDUCATIONAL RESEARCH - ESCI;24;n/a;n/a;0.16;61.11%
International Journal of Serious Games;INT J SERIOUS GAMES;2384-8766;2384-8766;EDUCATION & EDUCATIONAL RESEARCH - ESCI;235;n/a;n/a;1.33;100%
Journal of Civil Engineering Education;J CIV ENG EDUC;2643-9107;2643-9115;EDUCATION, SCIENTIFIC DISCIPLINES - SCIE;12;n/a;n/a;n/a;0%
Journal of Continuing Higher Education;J CONTIN HIGH EDUC;0737-7363;1948-4801;EDUCATION & EDUCATIONAL RESEARCH - ESCI;203;n/a;n/a;0.27;0%
Jurnal Penelitian dan Pembelajaran IPA;J PENELIT PEMBELAJAR;2477-1422;2477-2038;EDUCATION, SCIENTIFIC DISCIPLINES - ESCI;32;n/a;n/a;0.19;91.67%
Mathematics Education Research Journal;MATH EDUC RES J;1033-2170;2211-050X;EDUCATION, SCIENTIFIC DISCIPLINES - ESCI;795;n/a;n/a;0.73;12.1%
REDU-Revista de Docencia Universitaria;REDU;1696-1412;1887-4592;EDUCATION & EDUCATIONAL RESEARCH - ESCI;206;n/a;n/a;0.29;97.62%
RIE-Revista de Investigacion Educativa;RIE-REV INVESTIG EDU;0212-4068;1989-9106;EDUCATION & EDUCATIONAL RESEARCH - ESCI;404;n/a;n/a;0.93;98.89%
Resonance-Journal of Science Education;RESONANCE;0971-8044;0973-712X;EDUCATION, SCIENTIFIC DISCIPLINES - ESCI;471;n/a;n/a;0.14;0%
American Journal of Sexuality Education;AM J SEX EDUC;1554-6128;1554-6136;EDUCATION & EDUCATIONAL RESEARCH - ESCI;372;n/a;n/a;0.61;4.94%
Arts and Humanities in Higher Education;ARTS HUM HIGH EDUC;1474-0222;1741-265X;EDUCATION & EDUCATIONAL RESEARCH - ESCI;392;n/a;n/a;0.39;6.98%
Asian Education and Development Studies;ASIAN EDUC DEV STUD;2046-3162;2046-3170;EDUCATION & EDUCATIONAL RESEARCH - ESCI;169;n/a;n/a;0.28;0%
Australian Journal of Teacher Education;AUST J TEACH EDUC;1835-517X;1835-517X;EDUCATION & EDUCATIONAL RESEARCH - ESCI;1,508;n/a;n/a;0.68;32.3%
JOURNAL FOR THE EDUCATION OF THE GIFTED;J EDUC GIFTED;0162-3532;2162-9501;EDUCATION, SPECIAL - ESCI;732;n/a;n/a;0.65;0%
JOURNAL OF FURTHER AND HIGHER EDUCATION;J FURTH HIGH EDUC;0309-877X;1469-9486;EDUCATION & EDUCATIONAL RESEARCH - ESCI;1,269;n/a;n/a;1.39;3.35%
Journal of Formative Design in Learning;J FORMATIVE DES LEAR;N/A;2509-8039;EDUCATION & EDUCATIONAL RESEARCH - ESCI;48;n/a;n/a;0.67;2.78%
Journal of Teaching in Travel & Tourism;J TEACH TRAVEL TOUR;1531-3220;1531-3239;EDUCATION & EDUCATIONAL RESEARCH - ESCI;472;n/a;n/a;0.68;5.26%
Questions Vives-Recherches en Education;QUEST VIVES;1635-4079;1775-433X;EDUCATION & EDUCATIONAL RESEARCH - ESCI;10;n/a;n/a;0.01;100%
Revista Espanola de Educacion Comparada;REV ESP EDUC COMP;1137-8654;2174-5382;EDUCATION & EDUCATIONAL RESEARCH - ESCI;94;n/a;n/a;0.13;100%
Studies in Self-Access Learning Journal;STUD SELF-ACCESS LEA;2185-3762;2185-3762;EDUCATION & EDUCATIONAL RESEARCH - ESCI;129;n/a;n/a;0.25;64%
CPU-e Revista de Investigacion Educativa;CPU-REV INVESTIG EDU;1870-5308;N/A;EDUCATION & EDUCATIONAL RESEARCH - ESCI;26;n/a;n/a;0.11;42.31%
Cadernos Educacao Tecnologia e Sociedade;CAD EDUC TECNOL SOC;2316-9907;2316-9907;EDUCATION & EDUCATIONAL RESEARCH - ESCI;6;n/a;n/a;0.05;91.85%
Education Citizenship and Social Justice;EDUC CITIZSH SOC JUS;1746-1979;1746-1987;EDUCATION & EDUCATIONAL RESEARCH - ESCI;331;n/a;n/a;0.96;4.23%
Eurasian Journal of Educational Research;EURASIAN J EDUC RES;1302-597X;2528-8911;EDUCATION & EDUCATIONAL RESEARCH - ESCI;605;n/a;n/a;0.41;84.29%
INTERNATIONAL JOURNAL OF EARLY CHILDHOOD;INT J EARLY CHILD;0020-7187;1878-4658;EDUCATION & EDUCATIONAL RESEARCH - ESCI;107;n/a;n/a;0.7;31.75%
International Journal of Whole Schooling;INT J WHOLE SCH;1710-2146;1710-2146;EDUCATION & EDUCATIONAL RESEARCH - ESCI;140;n/a;n/a;0.36;0%
Pixel-Bit- Revista de Medios y Educacion;PIXEL-BIT;1133-8482;2171-7966;EDUCATION & EDUCATIONAL RESEARCH - ESCI;167;n/a;n/a;0.6;63.41%
Studies in the Education of Adults-NIACE;STUD ED ADULTS-NIACE;0266-0830;1478-9833;EDUCATION & EDUCATIONAL RESEARCH - ESCI;57;n/a;n/a;0.56;11.63%
Contextos Educativos-Revista de Educacion;CONTEXTOS EDUC;1575-023X;1695-5714;EDUCATION & EDUCATIONAL RESEARCH - ESCI;105;n/a;n/a;0.2;100%
European Journal of Comparative Economics;EUR J COMP ECON;1824-2979;1824-2979;EDUCATION & EDUCATIONAL RESEARCH - ESCI;113;n/a;n/a;0.28;0%
European Journal of Engineering Education;EUR J ENG EDUC;0304-3797;1469-5898;EDUCATION & EDUCATIONAL RESEARCH - ESCI;1,215;n/a;n/a;1.09;10.45%
Journal of Academic Language and Learning;J ACAD LANG LEARN;1835-5196;1835-5196;EDUCATION & EDUCATIONAL RESEARCH - ESCI;150;n/a;n/a;0.52;0%
Journal of Adult and Continuing Education;J ADULT CONTIN EDUC;1477-9714;1479-7194;EDUCATION & EDUCATIONAL RESEARCH - ESCI;84;n/a;n/a;0.6;0%
Journal of Education and Health Promotion;J EDUC HEALTH PROMOT;2277-9531;2319-6440;EDUCATION, SCIENTIFIC DISCIPLINES - ESCI;446;n/a;n/a;0.34;47.51%
Journal of Interactive Media in Education;J INTERACT MEDIA EDU;1365-893X;1365-893X;EDUCATION & EDUCATIONAL RESEARCH - ESCI;321;n/a;n/a;1.34;97.92%
Journal of Language Teaching and Learning;J LANG TEACH LEARN;2146-1732;2146-1732;EDUCATION & EDUCATIONAL RESEARCH - ESCI;37;n/a;n/a;0.14;0%
Journal of Research in Education Sciences;J RES EDUC SCI;2073-753X;2073-753X;EDUCATION & EDUCATIONAL RESEARCH - ESCI;124;n/a;n/a;0.35;0%
Obrazovanie i Nauka-Education and Science;OBRAZOVANIE NAUKA;1994-5639;2310-5828;EDUCATION & EDUCATIONAL RESEARCH - ESCI;165;n/a;n/a;0.48;92.27%
Problems of Education in the 21st Century;PROBL EDUC 21ST CENT;1822-7864;2538-7111;EDUCATION & EDUCATIONAL RESEARCH - ESCI;249;n/a;n/a;0.44;70.91%
Revista Ciencias Pedagogicas e Innovacion;REV CIENC PEDAGOC IN;1390-7603;1390-7603;EDUCATION & EDUCATIONAL RESEARCH - ESCI;8;n/a;n/a;0.03;96.2%
South African Journal of Higher Education;S AFR J HIGH EDUC;1011-3487;1753-5913;EDUCATION & EDUCATIONAL RESEARCH - ESCI;233;n/a;n/a;0.39;97.44%
Teaching Mathematics and Its Applications;TEACH MATH APPL;0268-3679;1471-6976;EDUCATION & EDUCATIONAL RESEARCH - ESCI;206;n/a;n/a;0.56;10.2%
Advances in Medical Education and Practice;ADV MED EDUC PRACT;1179-7258;1179-7258;EDUCATION, SCIENTIFIC DISCIPLINES - ESCI;1,285;n/a;n/a;0.82;98.73%
Australian Journal of Indigenous Education;AUST J INDIG EDUC;1326-0111;2049-7784;EDUCATION & EDUCATIONAL RESEARCH - ESCI;296;n/a;n/a;0.63;1.82%
Currents in Pharmacy Teaching and Learning;CURR PHARM TEACH LEA;1877-1297;1877-1300;EDUCATION, SCIENTIFIC DISCIPLINES - ESCI;1,404;n/a;n/a;0.64;0.36%
European Journal of Contemporary Education;EUR J CONTEMP EDUC;2304-9650;2305-6746;EDUCATION & EDUCATIONAL RESEARCH - ESCI;434;n/a;n/a;1.18;0%
Interactive Technology and Smart Education;INTERACT TECHNOL SMA;1741-5659;1758-8510;EDUCATION & EDUCATIONAL RESEARCH - ESCI;256;n/a;n/a;1.02;1.15%
International Journal of Medical Education;INT J MED EDUC;2042-6372;2042-6372;EDUCATION, SCIENTIFIC DISCIPLINES - ESCI;1,631;n/a;n/a;0.78;98.04%
International Journal of Special Education;INT J SPEC EDUC;0827-3383;0827-3383;EDUCATION, SPECIAL - ESCI;529;n/a;n/a;0.2;0%
International Journal of Training Research;INT J TRAIN RES;1448-0220;2204-0544;EDUCATION & EDUCATIONAL RESEARCH - ESCI;142;n/a;n/a;0.48;25.4%
Journal of Hospitality & Tourism Education;J HOSP TOUR EDUC;1096-3758;2325-6540;EDUCATION & EDUCATIONAL RESEARCH - ESCI;561;n/a;n/a;1.11;0%
Journal of Language and Cultural Education;J LANG CULT EDUC;1339-4045;1339-4584;EDUCATION & EDUCATIONAL RESEARCH - ESCI;39;n/a;n/a;0.19;56.25%
Journal of Research in Childhood Education;J RES CHILD EDUC;0256-8543;2150-2641;EDUCATION & EDUCATIONAL RESEARCH - ESCI;717;n/a;n/a;0.85;2.84%
NEW ZEALAND JOURNAL OF EDUCATIONAL STUDIES;NEW ZEAL J EDUC STUD;0028-8276;2199-4714;EDUCATION & EDUCATIONAL RESEARCH - ESCI;247;n/a;n/a;0.47;1.69%
Ocnos-Revista de Estudios sobre la Lectura;OCNOS;1885-446X;2254-9099;EDUCATION & EDUCATIONAL RESEARCH - ESCI;200;n/a;n/a;0.55;98.46%
Per Linguam-A Journal of Language Learning;PER LINGUAM;0259-2312;2224-0012;EDUCATION & EDUCATIONAL RESEARCH - ESCI;96;n/a;n/a;0.25;100%
Revista Peruana de Investigacion Educativa;REV PERU INVESTIG ED;2076-6300;2077-4168;EDUCATION & EDUCATIONAL RESEARCH - ESCI;13;n/a;n/a;0.05;8.33%
Agora para la Educacion Fisica y el Deporte;AGORA EDUC FIS DEPOR;1578-2174;1989-7200;EDUCATION & EDUCATIONAL RESEARCH - ESCI;131;n/a;n/a;0.26;77.78%
Australian Journal of Language and Literacy;AUST J LANG LIT;1038-1562;1839-4728;EDUCATION & EDUCATIONAL RESEARCH - ESCI;263;n/a;n/a;0.57;0%
Australian Journal of Learning Difficulties;AUST J LEARN DIFFIC;1940-4158;1940-4166;EDUCATION, SPECIAL - ESCI;190;n/a;n/a;0.85;3.45%
Information Technologies and Learning Tools;INF TECHNOL LEARN TO;2076-8184;2076-8184;EDUCATION & EDUCATIONAL RESEARCH - ESCI;288;n/a;n/a;0.36;68.89%
International Journal of Lifelong Education;INT J LIFELONG EDUC;0260-1370;1464-519X;EDUCATION & EDUCATIONAL RESEARCH - ESCI;781;n/a;n/a;0.62;6.25%
Journal for Educators Teachers and Trainers;J EDUC TEACH TRAIN;1989-9572;1989-9572;EDUCATION & EDUCATIONAL RESEARCH - ESCI;32;n/a;n/a;0.03;9.09%
Journal of E-Learning and Knowledge Society;J E-LEARN KNOWL SOC;1826-6223;1971-8829;EDUCATION & EDUCATIONAL RESEARCH - ESCI;226;n/a;n/a;0.57;0%
Journal of Microbiology & Biology Education;J MICROBIOL BIOL EDU;1935-7877;1935-7885;EDUCATION, SCIENTIFIC DISCIPLINES - ESCI;574;n/a;n/a;0.41;99.05%
Journal of Research on Leadership Education;J RES LEADERSH EDUC;1942-7751;1942-7751;EDUCATION & EDUCATIONAL RESEARCH - ESCI;298;n/a;n/a;1.34;0%
Journal of Technical Education and Training;J TECH EDUC TRAIN;2229-8932;2600-7932;EDUCATION & EDUCATIONAL RESEARCH - ESCI;101;n/a;n/a;0.35;7.14%
Malaysian Journal of Learning & Instruction;MALAYS J LEARN INSTR;1675-8110;2180-2483;EDUCATION & EDUCATIONAL RESEARCH - ESCI;111;n/a;n/a;0.46;8.33%
Pedagogia Social Revista Interuniversitaria;PEDAGOG SOC REV INTE;1989-9742;1989-9742;EDUCATION & EDUCATIONAL RESEARCH - ESCI;79;n/a;n/a;0.18;95.31%
Roeper Review-A Journal on Gifted Education;ROEPER REV;0278-3193;1940-865X;EDUCATION, SPECIAL - ESCI;857;n/a;n/a;0.61;3.64%
Zbornik Instituta za Pedagoska Istrazivanja;ZB INST PEDAGOG ISTR;0579-6431;1820-9270;EDUCATION & EDUCATIONAL RESEARCH - ESCI;59;n/a;n/a;0.36;100%
Edma 0-6-Educacion Matematica en la Infancia;EDMA 0 6;2254-8351;2254-8351;EDUCATION & EDUCATIONAL RESEARCH - ESCI;26;n/a;n/a;0.25;0%
Educational Research for Policy and Practice;EDUC RES POLICY PRAC;1570-2081;1573-1723;EDUCATION & EDUCATIONAL RESEARCH - ESCI;241;n/a;n/a;0.62;3.03%
European Journal of Education and Psychology;EUR J EDUC PSYCHOL;1888-8992;1989-2209;PSYCHOLOGY, EDUCATIONAL - ESCI;262;n/a;n/a;0.8;94.59%
GIST-Education and Learning Research Journal;GIST-EDUC LEARN RES;1692-5777;2248-8391;EDUCATION & EDUCATIONAL RESEARCH - ESCI;77;n/a;n/a;0.23;67.74%
Independent Journal of Teaching and Learning;INDEP J TEACH LEARN;1818-9687;1818-9687;EDUCATION & EDUCATIONAL RESEARCH - ESCI;28;n/a;n/a;0.17;0%
International Journal of Emotional Education;INT J EMOT EDUC;2073-7629;2073-7629;PSYCHOLOGY, EDUCATIONAL - ESCI;170;n/a;n/a;0.3;0%
International Journal of Game-Based Learning;INT J GAME-BASED LEA;2155-6849;2155-6857;EDUCATION & EDUCATIONAL RESEARCH - ESCI;206;n/a;n/a;0.79;0%
International Journal of Learning Technology;INT J LEARN TECHNOL;1477-8386;1741-8119;EDUCATION & EDUCATIONAL RESEARCH - ESCI;139;n/a;n/a;0.28;0%
Journal for Educational Research Online-JERO;J EDUC RES ONLINE-JE;1866-6671;1866-6671;EDUCATION & EDUCATIONAL RESEARCH - ESCI;247;n/a;n/a;0.51;0%
Journal of Early Childhood Teacher Education;J EARLY CHILD TEACH;1090-1027;1745-5642;EDUCATION & EDUCATIONAL RESEARCH - ESCI;439;n/a;n/a;0.63;1.25%
Journal of Educational Sciences & Psychology;J EDUC SCI PSYCHOL;2247-6377;2247-8558;EDUCATION & EDUCATIONAL RESEARCH - ESCI;124;n/a;n/a;0.55;0%
Journal of Vocational Education and Training;J VOCAT EDUC TRAIN;1363-6820;1747-5090;EDUCATION & EDUCATIONAL RESEARCH - ESCI;707;n/a;n/a;1.13;11.03%
South African Journal of Childhood Education;S AFR J CHILD EDUC;2223-7674;2223-7682;EDUCATION & EDUCATIONAL RESEARCH - ESCI;156;n/a;n/a;0.38;97.71%
Turkish Online Journal of Distance Education;TURK ONLINE J DISTAN;1302-6488;1302-6488;EDUCATION & EDUCATIONAL RESEARCH - ESCI;446;n/a;n/a;0.69;4.88%
Australian Journal of Environmental Education;AUST J ENVIRON EDUC;0814-0626;2049-775X;EDUCATION & EDUCATIONAL RESEARCH - ESCI;241;n/a;n/a;0.84;0%
CIAN-Revista de Historia de las Universidades;CIAN;1139-6628;1988-8503;EDUCATION & EDUCATIONAL RESEARCH - ESCI;21;n/a;n/a;0.12;100%
Encounters in Theory and History of Education;ENCOUNT THEORY HIST;1494-4936;1494-4936;EDUCATION & EDUCATIONAL RESEARCH - ESCI;42;n/a;n/a;0.13;68.97%
International Journal of Educational Sciences;INT J EDUC SCI;0975-1122;0975-1122;EDUCATION & EDUCATIONAL RESEARCH - ESCI;119;n/a;n/a;0.12;75.89%
International Journal of Engineering Pedagogy;INT J ENG PEDAGOG;2192-4880;2192-4880;EDUCATION, SCIENTIFIC DISCIPLINES - ESCI;332;n/a;n/a;0.72;100%
Iranian Journal of Language Teaching Research;IRAN J LANG TEACH RE;2322-1291;2322-1291;EDUCATION & EDUCATIONAL RESEARCH - ESCI;121;n/a;n/a;0.64;1.61%
Journal for Critical Education Policy Studies;J CRIT EDUC POLICY S;2051-0969;1740-2743;EDUCATION & EDUCATIONAL RESEARCH - ESCI;261;n/a;n/a;0.34;0%
Journal of Cognitive Education and Psychology;J COGN EDUC PSYCHOL;1945-8959;1810-7621;PSYCHOLOGY, EDUCATIONAL - ESCI;250;n/a;n/a;0.16;0%
Journal of Teaching in International Business;J TEACH INT BUS;0897-5930;1528-6991;EDUCATION & EDUCATIONAL RESEARCH - ESCI;275;n/a;n/a;0.66;0%
Sophia-Coleccion de Filosofia de la Educacion;SOPHIA-COLECCION FIL;1390-3861;1390-8626;EDUCATION & EDUCATIONAL RESEARCH - ESCI;27;n/a;n/a;0.1;85%
International Journal of Early Years Education;INT J EARLY YEARS ED;0966-9760;1469-8463;EDUCATION & EDUCATIONAL RESEARCH - ESCI;782;n/a;n/a;0.78;6.25%
International Journal of Education through Art;INT J EDUC ART;1743-5234;2040-090X;EDUCATION & EDUCATIONAL RESEARCH - ESCI;149;n/a;n/a;0.43;1.28%
Journal of International Education in Business;J INT EDUC BUS;2046-469X;1836-3261;EDUCATION & EDUCATIONAL RESEARCH - ESCI;138;n/a;n/a;0.62;0%
Journal of Research in International Education;J RES INT EDUC;1475-2409;1741-2943;EDUCATION & EDUCATIONAL RESEARCH - ESCI;406;n/a;n/a;0.67;0%
Revista Electronica de Investigacion Educativa;REV ELECTRON INVEST;N/A;1607-4041;EDUCATION & EDUCATIONAL RESEARCH - ESCI;98;n/a;n/a;0.35;96.64%
Revista Ibero-Americana de Estudos em Educacao;REV IBERO-AM ESTUD E;2446-8606;1982-5587;EDUCATION & EDUCATIONAL RESEARCH - ESCI;217;n/a;n/a;0.23;91.45%
Studies in Graduate and Postdoctoral Education;STUD GRAD POSTDR EDU;2398-4686;2398-4694;EDUCATION & EDUCATIONAL RESEARCH - ESCI;51;n/a;n/a;0.6;0%
Teaching & Learning Inquiry-The ISSOTL Journal;TEACH LEARN INQ;2167-4779;2167-4787;EDUCATION & EDUCATIONAL RESEARCH - ESCI;212;n/a;n/a;0.53;97.14%
Czech-Polish Historical and Pedagogical Journal;CZECH-POL HIST PEDAG;1803-6546;2336-1654;EDUCATION & EDUCATIONAL RESEARCH - ESCI;3;n/a;n/a;0.02;0%
Gondola-Ensenanza y Aprendizaje de las Ciencias;GONDOLA;2346-4712;2145-4981;EDUCATION, SCIENTIFIC DISCIPLINES - ESCI;14;n/a;n/a;0.07;98.51%
Higher Education Skills and Work-based Learning;HIGH EDUC SKILL WORK;2042-3896;2042-390X;EDUCATION & EDUCATIONAL RESEARCH - ESCI;344;n/a;n/a;0.8;1.01%
How-A Colombian Journal for Teachers of English;HOW;0120-5927;0120-5927;EDUCATION & EDUCATIONAL RESEARCH - ESCI;114;n/a;n/a;0.5;95.74%
International Journal for Educational Integrity;INT J EDUC INTEGR;1833-2595;1833-2595;EDUCATION & EDUCATIONAL RESEARCH - ESCI;241;n/a;n/a;1.72;100%
International Journal of Education and the Arts;INT J EDUC ARTS;1529-8094;1529-8094;EDUCATION & EDUCATIONAL RESEARCH - ESCI;176;n/a;n/a;0.3;0%
International Journal of Educational Psychology;INT J EDUC PSYCHOL;2014-3591;2014-3591;PSYCHOLOGY, EDUCATIONAL - ESCI;167;n/a;n/a;0.7;91.67%
International Journal of Knowledge and Learning;INT J KNOWL LEARN;1741-1009;1741-1017;EDUCATION & EDUCATIONAL RESEARCH - ESCI;99;n/a;n/a;0.28;0%
Journal of Applied Research in Higher Education;J APPL RES HIGH EDUC;2050-7003;1758-1184;EDUCATION & EDUCATIONAL RESEARCH - ESCI;337;n/a;n/a;0.61;0.74%
Journal of Unschooling and Alternative Learning;J UNSCH ALTERN LEARN;1916-8128;1916-8128;EDUCATION & EDUCATIONAL RESEARCH - ESCI;32;n/a;n/a;0.14;0%
Voprosy Obrazovaniya-Educational Studies Moscow;VOPR OBRAZOVANIYA-ED;1814-9545;1814-9545;EDUCATION, SCIENTIFIC DISCIPLINES - ESCI;176;n/a;n/a;0.39;66.19%
Avances de Investigacion en Educacion Matematica;AV INVESTIG EDUC MAT;2254-4313;2254-4313;EDUCATION & EDUCATIONAL RESEARCH - ESCI;38;n/a;n/a;0.32;44.74%
Cukurova University Faculty of Education Journal;CUKUROVA UNIV FAC ED;1302-9967;1302-9967;EDUCATION & EDUCATIONAL RESEARCH - ESCI;41;n/a;n/a;0.11;10.08%
International Journal of Leadership in Education;INT J LEADERSH EDUC;1360-3124;1464-5092;EDUCATION & EDUCATIONAL RESEARCH - ESCI;775;n/a;n/a;1.06;0.78%
International Journal of Multicultural Education;INT J MULTICULT EDUC;1934-5267;1934-5267;EDUCATION & EDUCATIONAL RESEARCH - ESCI;179;n/a;n/a;0.77;24.07%
Journal of Education for Students Placed at Risk;J EDUC STUDENTS PLAC;1082-4669;1532-7671;EDUCATION, SPECIAL - ESCI;510;n/a;n/a;1.09;0%
Journal of Research in Special Educational Needs;J RES SPEC EDUC NEED;1471-3802;1471-3802;EDUCATION, SPECIAL - ESCI;741;n/a;n/a;0.85;10.23%
Journal of Student Affairs Research and Practice;J STUD AFF RES PRACT;1949-6591;1949-6605;EDUCATION & EDUCATIONAL RESEARCH - ESCI;727;n/a;n/a;0.57;0%
Policy & Practice-A Development Education Review;POLICY PRACT;1748-135X;2053-4272;EDUCATION & EDUCATIONAL RESEARCH - ESCI;167;n/a;n/a;0.37;0%
Revista on Line de Politica e Gestao Educacional;REV LINE POLIT GEST;1519-9029;1519-9029;EDUCATION & EDUCATIONAL RESEARCH - ESCI;91;n/a;n/a;0.09;96.22%
Canadian Journal for the Study of Adult Education;CAN J STUDY ADULT ED;0835-4944;1925-993X;EDUCATION & EDUCATIONAL RESEARCH - ESCI;68;n/a;n/a;0.28;0%
Changing English-Studies in Culture and Education;CHANG ENGL;1358-684X;1469-3585;EDUCATION & EDUCATIONAL RESEARCH - ESCI;218;n/a;n/a;0.39;0.94%
Decision Sciences-Journal of Innovative Education;DECIS SCI-J INNOV ED;1540-4595;1540-4609;EDUCATION & EDUCATIONAL RESEARCH - ESCI;505;n/a;n/a;0.85;1.59%
IJoLE-International Journal of Language Education;IJOLE-INT J LANG EDU;2548-8457;2548-8465;EDUCATION & EDUCATIONAL RESEARCH - ESCI;17;n/a;n/a;0.16;82.05%
Journal of Astronomy and Earth Sciences Education;J ASTRON EARTH SCI E;2374-6246;2374-6254;EDUCATION, SCIENTIFIC DISCIPLINES - ESCI;43;n/a;n/a;0.26;60%
Journal of Educational Administration and History;J EDUC ADM HIST;0022-0620;1478-7431;EDUCATION & EDUCATIONAL RESEARCH - ESCI;331;n/a;n/a;0.8;1.09%
Journal of New Approaches in Educational Research;J NEW APPROACHES EDU;2254-7339;2254-7339;EDUCATION & EDUCATIONAL RESEARCH - ESCI;336;n/a;n/a;2.5;100%
Journal of Postsecondary Education and Disability;J POSTSECOND EDUC DI;2379-7762;2328-3343;EDUCATION, SPECIAL - ESCI;490;n/a;n/a;0.36;0%
Journal of Psychological and Educational Research;J PSYCHOL EDUC RES;2247-1537;2247-1537;PSYCHOLOGY, EDUCATIONAL - ESCI;59;n/a;n/a;0.23;0%
L1 Educational Studies in Language and Literature;L1 EDUC STUD LANG LI;1573-1731;1573-1731;EDUCATION & EDUCATIONAL RESEARCH - ESCI;111;n/a;n/a;0.47;98.95%
Learning Disabilities-A Multidisciplinary Journal;LEARN DISABIL-MULTI;1046-6819;2374-7846;EDUCATION, SPECIAL - ESCI;65;n/a;n/a;0.15;0%
Review of Education Pedagogy and Cultural Studies;REV EDUC PEDAGOG CUL;1071-4413;1556-3022;EDUCATION & EDUCATIONAL RESEARCH - ESCI;279;n/a;n/a;0.48;3.7%
Community College Journal of Research and Practice;COMMUNITY COLL J RES;1066-8926;1521-0413;EDUCATION & EDUCATIONAL RESEARCH - ESCI;1,063;n/a;n/a;0.53;1.38%
Journal of International and Comparative Education;J INT COMP EDUC;2232-1802;2289-2567;EDUCATION & EDUCATIONAL RESEARCH - ESCI;67;n/a;n/a;0.58;79.17%
Journal of Physical Education Recreation and Dance;J PHYS EDUC RECREAT;0730-3084;2168-3816;EDUCATION & EDUCATIONAL RESEARCH - ESCI;854;n/a;n/a;0.51;0%
Didactica de las Ciencias Experimentales y Sociales;DIDACT CIENC EXP SOC;0214-4379;2255-3835;EDUCATION & EDUCATIONAL RESEARCH - ESCI;53;n/a;n/a;0.16;100%
Interdisciplinary Journal of Problem-Based Learning;INTERDIS J PROBL-BAS;1541-5015;1541-5015;EDUCATION & EDUCATIONAL RESEARCH - ESCI;559;n/a;n/a;1.31;100%
Journal of Adventure Education and Outdoor Learning;J ADVENTURE EDUC OUT;1472-9679;1754-0402;EDUCATION & EDUCATIONAL RESEARCH - ESCI;619;n/a;n/a;1.03;4.67%
Journal of Technology and Chinese Language Teaching;J TECHNOL CHIN LANG;1949-260X;1949-260X;EDUCATION & EDUCATIONAL RESEARCH - ESCI;63;n/a;n/a;0.46;0%
Profile-Issues in Teachers Professional Development;PROFILE-BOGOTA;1657-0790;2256-5760;EDUCATION & EDUCATIONAL RESEARCH - ESCI;275;n/a;n/a;0.51;98.63%
Research in Comparative and International Education;RES COMP INT EDUC;1745-4999;1745-4999;EDUCATION & EDUCATIONAL RESEARCH - ESCI;432;n/a;n/a;0.75;4.82%
Research in Educational Administration & Leadership;RES EDUC ADMIN LEAD;2564-7261;2564-7261;EDUCATION & EDUCATIONAL RESEARCH - ESCI;29;n/a;n/a;0.21;87.3%
International Journal of Mobile and Blended Learning;INT J MOB BLENDED LE;1941-8647;1941-8655;EDUCATION & EDUCATIONAL RESEARCH - ESCI;186;n/a;n/a;0.5;0%
Journal of Information Technology Education-Research;J INF TECHNOL EDUC-R;1547-9714;1539-3585;EDUCATION & EDUCATIONAL RESEARCH - ESCI;616;n/a;n/a;1.04;96.59%
Journal of University Teaching and Learning Practice;J UNIV TEACH LEARN P;1449-9789;1449-9789;EDUCATION & EDUCATIONAL RESEARCH - ESCI;386;n/a;n/a;0.55;0%
RIED-Revista Iberoamericana de Educacion a Distancia;RIED-REV IBEROAM EDU;1138-2783;1390-3306;EDUCATION & EDUCATIONAL RESEARCH - ESCI;372;n/a;n/a;1.69;97.89%
Revista Electronica Calidad en la Educacion Superior;REV ELECTRON CALID E;1659-4703;1659-4703;EDUCATION & EDUCATIONAL RESEARCH - ESCI;11;n/a;n/a;0.07;97.18%
Revista Romaneasca Pentru Educatie Multidimensionala;REV ROMANEASCA PENTR;2066-7329;2067-9270;EDUCATION & EDUCATIONAL RESEARCH - ESCI;307;n/a;n/a;0.7;61.31%
International Journal of Technology Enhanced Learning;INT J TECHNOL ENHANC;1753-5255;1753-5263;EDUCATION & EDUCATIONAL RESEARCH - ESCI;344;n/a;n/a;0.71;0%
International Journal of Assessment Tools in Education;INT J ASSESS TOOLS E;2148-7456;2148-7456;EDUCATION & EDUCATIONAL RESEARCH - ESCI;64;n/a;n/a;0.31;97.96%
Australasian Journal of Special and Inclusive Education;AUSTRALAS J SPEC INC;2515-0731;2515-074X;EDUCATION, SPECIAL - ESCI;17;n/a;n/a;0.43;0%
Empirical Research in Vocational Education and Training;EMPIR RES VOCAT EDUC;N/A;1877-6345;EDUCATION & EDUCATIONAL RESEARCH - ESCI;79;n/a;n/a;0.82;100%
Ensayos-Revista de la Facultad de Educacion de Albacete;ENSAYOS;0214-4824;2171-9098;EDUCATION & EDUCATIONAL RESEARCH - ESCI;86;n/a;n/a;0.12;0%
International Journal of Health Promotion and Education;INT J HEALTH PROMOT;1463-5240;2164-9545;EDUCATION, SCIENTIFIC DISCIPLINES - ESCI;281;n/a;n/a;0.55;0.93%
International Journal of Research & Method in Education;INT J RES METHOD EDU;1743-727X;1743-7288;EDUCATION & EDUCATIONAL RESEARCH - ESCI;746;n/a;n/a;1.13;6.72%
Journal of Medical Education and Curricular Development;J MED EDUC CURRIC DE;2382-1205;2382-1205;EDUCATION, SCIENTIFIC DISCIPLINES - ESCI;278;n/a;n/a;0.54;99%
Perspectivas em Dialogo-Revista de Educacao e Sociedade;PERSPECT DIALOGO;2358-1840;2358-1840;EDUCATION & EDUCATIONAL RESEARCH - ESCI;13;n/a;n/a;0.02;0%
REMIE-Multidisciplinary Journal of Educational Research;REMIE-MULTIDISCIP J;2014-2862;2014-2862;EDUCATION & EDUCATIONAL RESEARCH - ESCI;84;n/a;n/a;0.46;41.67%
Revista Latinoamericana de Tecnologia Educativa-RELATEC;REV LATINOAM TECNOL;1695-288X;1695-288X;EDUCATION & EDUCATIONAL RESEARCH - ESCI;130;n/a;n/a;0.47;33.33%
Electronic Journal of Research in Educational Psychology;ELECTRON J RES EDUC;1699-5880;1696-2095;PSYCHOLOGY, EDUCATIONAL - ESCI;440;n/a;n/a;0.19;20%
International Education Journal-Comparative Perspectives;INT EDUC J;1443-1475;2202-493X;EDUCATION & EDUCATIONAL RESEARCH - ESCI;454;n/a;n/a;0.29;0%
International Journal of Child Care and Education Policy;INT J CHILD CARE EDU;1976-5681;2288-6729;EDUCATION & EDUCATIONAL RESEARCH - ESCI;176;n/a;n/a;0.53;100%
International Journal of Distance Education Technologies;INT J DIST EDUC;1539-3100;1539-3119;EDUCATION & EDUCATIONAL RESEARCH - ESCI;194;n/a;n/a;0.75;0%
Journal of Educational Evaluation for Health Professions;J EDUC EVAL HEALTH P;1975-5937;1975-5937;EDUCATION, SCIENTIFIC DISCIPLINES - ESCI;472;n/a;n/a;0.51;99.04%
Lumen-Eighteenth-Century Studies-d Etude du Dix-Huitieme;LUMEN;1209-3696;1927-8284;EDUCATION & EDUCATIONAL RESEARCH - ESCI;16;n/a;n/a;0.01;34.29%
MIER-Journal of Educational Studies Trends and Practices;MIER-J EDUC STUD TRE;0976-8203;2319-1945;EDUCATION & EDUCATIONAL RESEARCH - ESCI;42;n/a;n/a;0.21;0%
Revista Sonda-Investigacion y Docencia en Artes y Letras;REV SONDA-INVEST DOC;2254-6073;2254-6073;EDUCATION & EDUCATIONAL RESEARCH - ESCI;8;n/a;n/a;0.04;0%
Canadian Journal of Educational Administration and Policy;CAN J EDUC ADM POLIC;1207-7798;1207-7798;EDUCATION & EDUCATIONAL RESEARCH - ESCI;140;n/a;n/a;0.42;0%
E-Journal of Business Education & Scholarship of Teaching;E-J BUS EDUC SCHOLAR;1835-9132;1835-9132;EDUCATION & EDUCATIONAL RESEARCH - ESCI;106;n/a;n/a;0.67;0%
Foro-Revista de Ciencias Juridicas y Sociales. NuevaEpoca;FORO;1698-5583;2255-5285;EDUCATION & EDUCATIONAL RESEARCH - ESCI;21;n/a;n/a;0.02;98.51%
International Journal of Qualitative Studies in Education;INT J QUAL STUD EDUC;0951-8398;1366-5898;EDUCATION & EDUCATIONAL RESEARCH - ESCI;2,696;n/a;n/a;1.12;1.56%
International Journal of Technologies in Higher Education;INT J TECHNOL HIGH E;1708-7570;1708-7570;EDUCATION & EDUCATIONAL RESEARCH - ESCI;27;n/a;n/a;0.15;97.18%
Journal for the Study of Sports and Athletes in Education;J STUDY SPORTS ATHL;1935-7397;1935-7400;EDUCATION & EDUCATIONAL RESEARCH - ESCI;142;n/a;n/a;0.39;0%
Journal of Education and Future-Egitim ve Gelecek Dergisi;J EDUC FUTUR;2146-8249;2146-8249;EDUCATION & EDUCATIONAL RESEARCH - ESCI;30;n/a;n/a;0.21;59.65%
Journal of Educational Cultural and Psychological Studies;J ED CULT PSYCHOL ST;2037-7932;2037-7924;PSYCHOLOGY, EDUCATIONAL - ESCI;46;n/a;n/a;0.22;100%
Magis-Revista Internacional de Investigacion en Educacion;MAGIS;2027-1174;2027-1182;EDUCATION & EDUCATIONAL RESEARCH - ESCI;156;n/a;n/a;0.42;85.29%
Revista de Educacion y Derecho-Educational and Law Review;REV EDUC DERECHO;2013-584X;2386-4885;EDUCATION & EDUCATIONAL RESEARCH - ESCI;3;n/a;n/a;0;61.02%
International Journal of Early Childhood Special Education;INT J EARLY CHILD SP;1308-5581;1308-5581;EDUCATION, SPECIAL - ESCI;84;n/a;n/a;0.14;98.02%
International Journal of Emerging Technologies in Learning;INT J EMERG TECHNOL;1863-0383;1863-0383;EDUCATION & EDUCATIONAL RESEARCH - ESCI;2,552;n/a;n/a;1.06;98.8%
International Journal of Online Pedagogy and Course Design;INT J ONLINE PEDAGOG;2155-6873;2155-6881;EDUCATION & EDUCATIONAL RESEARCH - ESCI;89;n/a;n/a;0.45;0%
Knowledge Management & E-Learning-An International Journal;KNOWL MANAG E-LEARN;2073-7904;2073-7904;EDUCATION & EDUCATIONAL RESEARCH - ESCI;309;n/a;n/a;1.08;40.54%
PNA-Revista de Investigacion en Didactica de la Matematica;PNA;1886-1350;1887-3987;EDUCATION, SCIENTIFIC DISCIPLINES - ESCI;111;n/a;n/a;0.16;22.22%
REMEA-Revista Eletronica do Mestrado em Educacao Ambiental;REMEA-REV ELETRONICA;2318-4884;1517-1256;EDUCATION & EDUCATIONAL RESEARCH - ESCI;80;n/a;n/a;0.07;74.71%
Revista Internacional de Educacion para la Justicia Social;REV INT EDUC JUSTICI;2254-3139;2254-3139;EDUCATION & EDUCATIONAL RESEARCH - ESCI;165;n/a;n/a;0.47;90.32%
Revista de Pedagogia Universitaria y Didactica del Derecho;REV PEDAGOG UNIV DID;0719-5885;0719-5885;EDUCATION & EDUCATIONAL RESEARCH - ESCI;88;n/a;n/a;0.62;96.15%
Learning and Teaching in Higher Education-Gulf Perspectives;LEARN TEACH HIGH EDU;2077-5504;2077-5504;EDUCATION & EDUCATIONAL RESEARCH - ESCI;17;n/a;n/a;0.12;100%
International Journal of Mentoring and Coaching in Education;INT J MENT COACH EDU;2046-6854;2046-6854;EDUCATION & EDUCATIONAL RESEARCH - ESCI;304;n/a;n/a;0.81;2.5%
Profesorado-Revista de Curriculum y Formacion de Profesorado;PROFESORADO;1138-414X;1989-6395;EDUCATION & EDUCATIONAL RESEARCH - ESCI;465;n/a;n/a;0.32;69.96%
Revista Eureka sobre Ensenanza y Divulgacion de las Ciencias;REV EUREKA ENSEN DIV;1697-011X;1697-011X;EDUCATION & EDUCATIONAL RESEARCH - ESCI;256;n/a;n/a;0.55;98.17%
Timarit um Uppeldi og Menntun-Icelandic Journal of Education;TIM UPPELDI MENNTUN;2298-8394;2298-8408;EDUCATION & EDUCATIONAL RESEARCH - ESCI;10;n/a;n/a;0.15;93.55%
Canadian Journal for the Scholarship of Teaching and Learning;CAN J SCHOLARSH TEA;1918-2902;1918-2902;EDUCATION & EDUCATIONAL RESEARCH - ESCI;177;n/a;n/a;0.39;76.47%
International Journal for Technology in Mathematics Education;INT J TECHNOL MATH E;1744-2710;2045-2519;EDUCATION, SCIENTIFIC DISCIPLINES - ESCI;90;n/a;n/a;0.16;0%
International Journal of Adult Education and Technology-IJAET;INT J ADULT EDUC TEC;2643-7996;2643-8003;EDUCATION & EDUCATIONAL RESEARCH - ESCI;1;n/a;n/a;n/a;0%
Research in Education and Learning Innovation Archives-REALIA;RES EDUC LEARN INNOV;2659-9031;2659-9031;EDUCATION & EDUCATIONAL RESEARCH - ESCI;4;n/a;n/a;0.17;86.36%
Revista Interuniversitaria de Formacion del Profesorado-RIFOP;REV INTERUNIV FORM P;0213-8646;2530-3791;EDUCATION & EDUCATIONAL RESEARCH - ESCI;113;n/a;n/a;0.14;10.09%
Asian-Pacific Journal of Second and Foreign Language Education;ASIAN-PAC J SEC FOR;N/A;2363-5169;EDUCATION & EDUCATIONAL RESEARCH - ESCI;61;n/a;n/a;0.39;100%
Brock Education-A Journal of Educational Research and Practice;BROCK EDUC;1183-1189;1183-1189;EDUCATION & EDUCATIONAL RESEARCH - ESCI;73;n/a;n/a;0.35;0%
International Journal of Comparative Education and Development;INT J COMP EDUC DEV;2396-7404;2309-4907;EDUCATION & EDUCATIONAL RESEARCH - ESCI;51;n/a;n/a;0.48;0%
International Journal of Educational Leadership and Management;INT J EDUC LEADERSH;2014-9018;2014-9018;EDUCATION & EDUCATIONAL RESEARCH - ESCI;38;n/a;n/a;0.45;95.83%
Journal of Occupational Therapy Schools and Early Intervention;J OCC THER SCH EARLY;1941-1243;1941-1251;PSYCHOLOGY, EDUCATIONAL - ESCI;232;n/a;n/a;0.22;1.03%
Journal of Teaching English for Specific and Academic Purposes;J TEACH ENGL SPECIF;2334-9182;2334-9212;EDUCATION & EDUCATIONAL RESEARCH - ESCI;53;n/a;n/a;0.15;100%
Latin American Journal of Content & Language Integrated-LACLIL;LAT AM J CONTENT LAN;2011-6721;2322-9721;EDUCATION & EDUCATIONAL RESEARCH - ESCI;153;n/a;n/a;0.68;94.29%
Sodobna Pedagogika-Journal of Contemporary Educational Studies;SODOB PEDAGOG;0038-0474;0038-0474;EDUCATION & EDUCATIONAL RESEARCH - ESCI;27;n/a;n/a;0.16;0%
Complicity-An International Journal of Complexity and Education;COMPLICITY;1710-5668;1710-5668;EDUCATION & EDUCATIONAL RESEARCH - ESCI;102;n/a;n/a;0.23;0%
International Journal of Education and Information Technologies;INT J EDUC INF TECH;2074-1316;2074-1316;EDUCATION & EDUCATIONAL RESEARCH - ESCI;56;n/a;n/a;0.81;23.53%
Journal of College Student Retention-Research Theory & Practice;J COLL STUD RETENT-R;1521-0251;1541-4167;EDUCATION & EDUCATIONAL RESEARCH - ESCI;921;n/a;n/a;1.5;0%
Revista Digital de Investigacion en Docencia Universitaria-RIDU;REV DIGIT INVEST DOC;2223-2516;2223-2516;EDUCATION & EDUCATIONAL RESEARCH - ESCI;72;n/a;n/a;0.37;88.71%
Canadian Journal of Science Mathematics and Technology Education;CAN J SCI MATH TECHN;1492-6156;1942-4051;EDUCATION, SCIENTIFIC DISCIPLINES - ESCI;385;n/a;n/a;0.47;4.65%
REDIMAT-Revista de Investigacion en Didactica de las Matematicas;REDIMAT;2014-3621;2014-3621;EDUCATION, SCIENTIFIC DISCIPLINES - ESCI;56;n/a;n/a;0.26;41.67%
Journal on Efficiency and Responsibility in Education and Science;J EFFIC RESPONSIB ED;2336-2375;1803-1617;EDUCATION & EDUCATIONAL RESEARCH - ESCI;75;n/a;n/a;0.67;95.24%
Focus on Health Professional Education-A Multidisciplinary Journal;FOCUS HEALTH PROF ED;1442-1100;2204-7662;EDUCATION, SCIENTIFIC DISCIPLINES - ESCI;82;n/a;n/a;0.22;0%
IJERI-International Journal of Educational Research and Innovation;IJERI-INT J EDUC RES;2386-4303;2386-4303;EDUCATION & EDUCATIONAL RESEARCH - ESCI;96;n/a;n/a;0.33;18.27%
International Journal of Adult Vocational Education and Technology;INT J ADULT VOCAL ED;1947-8607;1947-878X;EDUCATION & EDUCATIONAL RESEARCH - ESCI;62;n/a;n/a;0.27;0%
International Research in Geographical and Environmental Education;INT RES GEOGR ENVIRO;1038-2046;1747-7611;EDUCATION & EDUCATIONAL RESEARCH - ESCI;621;n/a;n/a;1.24;3.49%
Journal of Information Technology Education-Innovations in Practice;J INF TECHNOL EDUC-I;2165-3151;2165-316X;EDUCATION & EDUCATIONAL RESEARCH - ESCI;125;n/a;n/a;0.71;95.45%
RELIEVE-Revista Electronica de Investigacion y Evaluacion Educativa;RELIEVE;1134-4032;1134-4032;EDUCATION & EDUCATIONAL RESEARCH - ESCI;261;n/a;n/a;0.98;97.56%
Revista Electronica Interuniversitaria de Formacion del Profesorado;REV ELECTRON INTERUN;N/A;1575-0965;EDUCATION & EDUCATIONAL RESEARCH - ESCI;204;n/a;n/a;0.52;84.17%
Science Activities-Projects and Curriculum Ideas in STEM Classrooms;SCI ACT;0036-8121;1940-1302;EDUCATION & EDUCATIONAL RESEARCH - ESCI;48;n/a;n/a;0.22;0%
Reading & Writing-Journal of the Reading Association of South Africa;READ WRIT-J READ ASS;2079-8245;2308-1422;EDUCATION & EDUCATIONAL RESEARCH - ESCI;51;n/a;n/a;0.3;85.71%
European Journal for Research on the Education and Learning of Adults;EUR J RES EDUC LEARN;2000-7426;2000-7426;EDUCATION & EDUCATIONAL RESEARCH - ESCI;124;n/a;n/a;0.38;96.36%
Paideusis-The Journal of the Canadian Philosophy of Education Society;PAIDEUSIS;N/A;1916-0348;EDUCATION & EDUCATIONAL RESEARCH - ESCI;75;n/a;n/a;0.43;0%
Journal of Measurement and Evaluation in Education and Psychology-EPOD;J MEAS EVAL EDUC PSY;1309-6575;1309-6575;PSYCHOLOGY, EDUCATIONAL - ESCI;90;n/a;n/a;0.1;97.5%
Eduweb-Revista de Tecnologia de Informacion y Comunicacion en Educacion;EDUWEB-REV TECNOL IN;1856-7576;1856-7576;EDUCATION & EDUCATIONAL RESEARCH - ESCI;6;n/a;n/a;0.01;0%
Innoeduca-International Journal of Technology and Educational Innovation;INNOEDUCA;N/A;2444-2925;EDUCATION & EDUCATIONAL RESEARCH - ESCI;16;n/a;n/a;0.14;100%
International Journal of Education in Mathematics Science and Technology;INT J EDUC MATH SCI;2147-611X;2147-611X;EDUCATION, SCIENTIFIC DISCIPLINES - ESCI;200;n/a;n/a;0.51;6.67%
International Journal of Research in Undergraduate Mathematics Education;INT J RES UN MATH ED;2198-9745;2198-9753;EDUCATION & EDUCATIONAL RESEARCH - ESCI;68;n/a;n/a;1.05;15.25%
International Journal of Computer-Assisted Language Learning and Teaching;INT J COMPUT-ASSIST;2155-7098;2155-7101;EDUCATION & EDUCATIONAL RESEARCH - ESCI;124;n/a;n/a;0.49;0%
International Journal of Mathematical Education in Science and Technology;INT J MATH EDUC SCI;0020-739X;1464-5211;EDUCATION & EDUCATIONAL RESEARCH - ESCI;928;n/a;n/a;0.58;1.98%
Learning Communities-International Journal of Learning in Social Contexts;LEARN COMMUNITIES;1329-1440;1329-1440;EDUCATION & EDUCATIONAL RESEARCH - ESCI;142;n/a;n/a;0.25;0%
Multidisciplinary Journal for Education Social and Technological Sciences;MULTIDISCIP J EDUC S;2341-2593;2341-2593;EDUCATION & EDUCATIONAL RESEARCH - ESCI;40;n/a;n/a;0.38;100%
REICE-Revista Iberoamericana sobre Calidad Eficacia y Cambio en Educacion;REICE-REV IBEROAM CA;1696-4713;1696-4713;EDUCATION & EDUCATIONAL RESEARCH - ESCI;302;n/a;n/a;0.76;94.38%
Jurnal Pendidikan Fisika Indonesia-Indonesian Journal of Physics Education;J PENDIDIK FIS INDON;1693-1246;2355-3812;EDUCATION, SCIENTIFIC DISCIPLINES - ESCI;50;n/a;n/a;0.21;83.33%
Revista de Investigacion Educativa de la Escuela de Graduados en Educacion;REV INVESTIG EDUC ES;2007-3003;2007-2996;EDUCATION & EDUCATIONAL RESEARCH - ESCI;6;n/a;n/a;0.04;0%
African Journal of Research in Mathematics Science and Technology Education;AFR J RES MATH SCI T;1811-7295;2469-7656;EDUCATION, SCIENTIFIC DISCIPLINES - ESCI;184;n/a;n/a;0.35;5.43%
International Journal of Information and Communication Technology Education;INT J INF COMMUN TEC;1550-1876;1550-1337;EDUCATION & EDUCATIONAL RESEARCH - ESCI;241;n/a;n/a;0.48;0%
ALSIC-Apprentissage des Langues et Systems d Information et de Communication;ALSIC-APPRENTISS LAN;1286-4986;1286-4986;EDUCATION & EDUCATIONAL RESEARCH - ESCI;27;n/a;n/a;0.15;55.17%
Revista Brasileira de Educacao do Campo-Brazilian Journal of Rural Education;REV BRAS EDUC CAMPO;2525-4863;2525-4863;EDUCATION & EDUCATIONAL RESEARCH - ESCI;55;n/a;n/a;0.1;97.9%
Revista Electronica Complutense de Investigacion en Educacion Musical-RECIEM;REV ELECTRON COMPLU;1698-7454;1698-7454;EDUCATION & EDUCATIONAL RESEARCH - ESCI;22;n/a;n/a;0.63;89.66%
International Journal of Continuing Engineering Education and Life-Long Learning;INT J CONTIN ENG EDU;1560-4624;1741-5055;EDUCATION & EDUCATIONAL RESEARCH - ESCI;141;n/a;n/a;0.39;0%
Journal of Qualitative Research in Education-Egitimde Nitel Arastirmalar Dergisi;J QUAL RES EDUC;2148-2624;2148-2624;EDUCATION & EDUCATIONAL RESEARCH - ESCI;25;n/a;n/a;0.09;95.29%
Recherche et Pratiques Pedagogiques en Langues de Specialite-Cahiers de l Apliut;RECH PRAT PEDAGOG LA;2257-5405;2119-5242;EDUCATION & EDUCATIONAL RESEARCH - ESCI;15;n/a;n/a;0.03;0%
International Journal of Science Education Part B-Communication and Public Engagement;INT J SCI EDUC PART;2154-8455;2154-8463;EDUCATION & EDUCATIONAL RESEARCH - ESCI;315;n/a;n/a;1.35;10.94%
International Journal of Cognitive Research in Science Engineering and Education-IJCRSEE;INT J COGNITIVE RES;2334-847X;2334-8496;EDUCATION & EDUCATIONAL RESEARCH - ESCI;99;n/a;n/a;0.51;98.78%
Hacettepe Universitesi Egitim Fakultesi Dergisi-Hacettepe University Journal of Education;HACET UNIV EGIT FAK;2536-4758;2536-4758;EDUCATION & EDUCATIONAL RESEARCH - ESCI;729;n/a;n/a;0.27;99.5%
Pamukkale Universitesi Egitim Fakultesi Dergisi-Pamukkale University Journal of Education;PAMUKKALE U EGIT FAK;1301-0085;1309-0275;EDUCATION & EDUCATIONAL RESEARCH - ESCI;97;n/a;n/a;0.11;96.93%
Learning and Teaching-The International Journal of Higher Education in the Social Sciences;LEARN TEACH;1755-2273;1755-2281;EDUCATION & EDUCATIONAL RESEARCH - ESCI;96;n/a;n/a;0.23;34.09%
Revista EDaPECI-Educacao a Distancia e Praticas Educativas Comunicacionais e Interculturais;REV EDAPECI;2176-171X;2176-171X;EDUCATION & EDUCATIONAL RESEARCH - ESCI;21;n/a;n/a;0.04;85.29%
Sportis-Scientific Technical Journal of School Sport Physical Education and Psychomotricity;SPORTIS;2386-8333;2386-8333;EDUCATION & EDUCATIONAL RESEARCH - ESCI;98;n/a;n/a;0.49;95.51%
Strategies for Policy in Science and Education-Strategii na Obrazovatelnata i Nauchnata Politika;STRATEG POLICY SCI E;1310-0270;1314-8575;EDUCATION & EDUCATIONAL RESEARCH - ESCI;18;n/a;n/a;0.09;0%
Etic net-Revista Cientifica Electronica de Educacion y Comunicacion en la Sociedad del Conocimiento;ETIC NET;1695-324X;1695-324X;EDUCATION & EDUCATIONAL RESEARCH - ESCI;21;n/a;n/a;0.04;0%
Ankara Universitesi Egitim Bilimleri Fakultesi Ozel Egitim Dergisi-Ankara University Faculty of Educational Sciences Journal of Special Education;ANK UNIV EGIT BILIM;1304-7639;2149-8261;EDUCATION, SPECIAL - ESCI;70;n/a;n/a;0.11;98.96%